,0,1,2,3,4,5,6,7,8,9,10,11,12,13,14,15,time,sh_entropy,k,disc,min_entropy
6659,0.0,9.0,0.0,1.0,1.0,149.0,0.0,1.0,0.0,6.0,10.0,149.0,2.0,0.0,0.0,3.0,178.4646279811859,1,2,1,1.0
6660,0.0,9.0,0.0,1.0,1.0,148.0,0.0,1.0,0.0,6.0,10.0,149.0,2.0,0.0,0.0,3.0,178.55449724197388,1,2,1,1.0
6662,0.0,9.0,0.0,1.0,1.0,147.0,0.0,1.0,0.0,6.0,10.0,149.0,2.0,0.0,0.0,3.0,178.58845257759094,1,2,1,1.0
6663,0.0,9.0,0.0,1.0,1.0,148.0,0.0,1.0,0.0,6.0,9.0,149.0,2.0,0.0,0.0,3.0,178.61373901367188,1,2,1,1.0
6664,0.0,9.0,0.0,1.0,1.0,149.0,0.0,1.0,0.0,6.0,9.0,149.0,2.0,0.0,0.0,3.0,178.62244296073914,1,2,1,1.0
6665,0.0,9.0,0.0,1.0,1.0,149.0,0.0,1.0,0.0,7.0,9.0,149.0,2.0,0.0,0.0,3.0,178.63095569610596,1,2,1,1.0
6666,0.0,9.0,0.0,1.0,1.0,148.0,0.0,1.0,0.0,7.0,9.0,149.0,2.0,0.0,0.0,3.0,178.64081406593323,1,2,1,1.0
6667,0.0,9.0,0.0,1.0,1.0,147.0,0.0,1.0,0.0,6.0,9.0,149.0,2.0,0.0,0.0,3.0,178.65795612335205,1,2,1,1.0
6668,0.0,9.0,0.0,1.0,1.0,148.0,0.0,1.0,0.0,5.0,9.0,149.0,2.0,0.0,0.0,3.0,178.69152331352234,1,2,1,1.0
6669,0.0,9.0,0.0,1.0,1.0,149.0,0.0,1.0,0.0,5.0,9.0,149.0,2.0,0.0,0.0,3.0,178.6999053955078,1,2,1,1.0
6670,0.0,10.0,0.0,1.0,1.0,148.0,0.0,1.0,0.0,5.0,9.0,149.0,2.0,0.0,0.0,3.0,178.708491563797,1,2,1,1.0
6671,0.0,10.0,0.0,1.0,1.0,148.0,0.0,1.0,0.0,4.0,9.0,149.0,2.0,0.0,0.0,3.0,178.71704959869385,1,2,1,1.0
6672,0.0,10.0,0.0,1.0,1.0,148.0,0.0,1.0,0.0,6.0,9.0,149.0,2.0,0.0,0.0,3.0,178.72568917274475,1,2,1,1.0
6673,0.0,10.0,0.0,1.0,1.0,148.0,0.0,1.0,0.0,5.0,9.0,148.0,2.0,0.0,0.0,3.0,178.7338786125183,1,2,1,1.0
6674,0.0,10.0,0.0,1.0,1.0,148.0,0.0,1.0,0.0,6.0,9.0,148.0,2.0,0.0,0.0,3.0,178.74183869361877,1,2,1,1.0
6675,0.0,10.0,0.0,1.0,1.0,148.0,0.0,1.0,0.0,4.0,9.0,148.0,2.0,0.0,0.0,3.0,178.7585003376007,1,2,1,1.0
6676,0.0,10.0,0.0,2.0,1.0,148.0,0.0,1.0,0.0,5.0,9.0,148.0,2.0,0.0,0.0,3.0,178.7916612625122,1,2,1,1.0
6677,0.0,10.0,0.0,1.0,1.0,147.0,0.0,1.0,0.0,5.0,9.0,148.0,2.0,0.0,0.0,3.0,178.8079388141632,1,2,1,1.0
6678,0.0,10.0,0.0,1.0,1.0,146.0,0.0,1.0,0.0,5.0,9.0,148.0,2.0,0.0,0.0,3.0,178.81645011901855,1,2,1,1.0
6679,0.0,10.0,0.0,1.0,1.0,146.0,0.0,1.0,0.0,6.0,9.0,148.0,2.0,0.0,0.0,3.0,178.82494926452637,1,2,1,1.0
6680,0.0,10.0,0.0,1.0,1.0,146.0,0.0,1.0,0.0,4.0,9.0,148.0,2.0,0.0,0.0,3.0,178.83345437049866,1,2,1,1.0
6681,0.0,10.0,0.0,1.0,1.0,147.0,0.0,1.0,0.0,6.0,9.0,148.0,2.0,0.0,0.0,3.0,178.85802006721497,1,2,1,1.0
6682,0.0,10.0,0.0,1.0,1.0,147.0,0.0,1.0,0.0,4.0,9.0,148.0,2.0,0.0,0.0,3.0,178.8833236694336,1,2,1,1.0
6683,0.0,10.0,0.0,1.0,1.0,145.0,0.0,1.0,0.0,4.0,9.0,148.0,2.0,0.0,0.0,3.0,178.9333472251892,1,2,1,1.0
6684,0.0,10.0,0.0,1.0,1.0,144.0,0.0,1.0,0.0,4.0,9.0,148.0,2.0,0.0,0.0,3.0,178.9419240951538,1,2,1,1.0
6685,0.0,10.0,0.0,1.0,1.0,144.0,0.0,1.0,0.0,5.0,9.0,148.0,2.0,0.0,0.0,3.0,178.95088481903076,1,2,1,1.0
6686,0.0,10.0,0.0,1.0,1.0,145.0,0.0,1.0,0.0,5.0,9.0,148.0,2.0,0.0,0.0,3.0,178.96917986869812,1,2,1,1.0
6687,0.0,10.0,0.0,1.0,1.0,145.0,0.0,1.0,0.0,6.0,9.0,148.0,2.0,0.0,0.0,3.0,178.9956784248352,1,2,1,1.0
6688,0.0,10.0,0.0,1.0,1.0,145.0,0.0,1.0,0.0,3.0,9.0,148.0,2.0,0.0,0.0,3.0,179.02195572853088,1,2,1,1.0
6689,0.0,11.0,0.0,1.0,1.0,144.0,0.0,1.0,0.0,4.0,9.0,148.0,2.0,0.0,0.0,3.0,179.04901456832886,1,2,1,1.0
6690,0.0,11.0,0.0,1.0,1.0,144.0,0.0,1.0,0.0,5.0,9.0,148.0,2.0,0.0,0.0,3.0,179.0575966835022,1,2,1,1.0
6691,0.0,11.0,0.0,1.0,1.0,143.0,0.0,1.0,0.0,5.0,9.0,148.0,2.0,0.0,0.0,3.0,179.07487845420837,1,2,1,1.0
6692,0.0,11.0,0.0,1.0,1.0,143.0,0.0,1.0,0.0,6.0,9.0,148.0,2.0,0.0,0.0,3.0,179.08387756347656,1,2,1,1.0
6693,0.0,11.0,0.0,1.0,1.0,143.0,0.0,1.0,0.0,7.0,9.0,148.0,2.0,0.0,0.0,3.0,179.0924801826477,1,2,1,1.0
6694,0.0,11.0,1.0,1.0,1.0,143.0,0.0,1.0,0.0,7.0,9.0,148.0,2.0,0.0,0.0,3.0,179.10103273391724,1,2,1,1.0
6695,0.0,11.0,0.0,1.0,1.0,143.0,0.0,1.0,0.0,8.0,9.0,148.0,2.0,0.0,0.0,3.0,179.10954070091248,1,2,1,1.0
6696,0.0,11.0,0.0,1.0,1.0,144.0,0.0,1.0,0.0,8.0,9.0,148.0,2.0,0.0,0.0,3.0,179.11805129051208,1,2,1,1.0
6697,0.0,11.0,0.0,1.0,1.0,144.0,0.0,1.0,0.0,9.0,9.0,148.0,2.0,0.0,0.0,3.0,179.1440773010254,1,2,1,1.0
6699,0.0,11.0,0.0,1.0,1.0,142.0,0.0,1.0,0.0,8.0,9.0,148.0,2.0,0.0,0.0,3.0,179.16971063613892,1,2,1,1.0
6701,0.0,11.0,0.0,1.0,1.0,142.0,0.0,1.0,0.0,8.0,9.0,147.0,2.0,0.0,0.0,3.0,179.18692636489868,1,2,1,1.0
6702,0.0,11.0,0.0,1.0,1.0,142.0,0.0,1.0,0.0,9.0,9.0,147.0,2.0,0.0,0.0,3.0,179.19543313980103,1,2,1,1.0
6703,0.0,11.0,0.0,1.0,1.0,141.0,0.0,1.0,0.0,8.0,9.0,147.0,2.0,0.0,0.0,3.0,179.20393681526184,1,2,1,1.0
6704,0.0,11.0,0.0,1.0,1.0,141.0,0.0,1.0,0.0,9.0,9.0,147.0,2.0,0.0,0.0,3.0,179.2127022743225,1,2,1,1.0
6705,0.0,11.0,0.0,1.0,1.0,143.0,0.0,1.0,0.0,8.0,9.0,147.0,2.0,0.0,0.0,3.0,179.230140209198,1,2,1,1.0
6706,0.0,11.0,0.0,1.0,1.0,143.0,0.0,1.0,0.0,8.0,9.0,149.0,2.0,0.0,0.0,3.0,179.2477457523346,1,2,1,1.0
6707,0.0,11.0,0.0,1.0,1.0,143.0,0.0,1.0,0.0,9.0,9.0,149.0,2.0,0.0,0.0,3.0,179.2564239501953,1,2,1,1.0
6708,0.0,11.0,0.0,1.0,1.0,143.0,0.0,1.0,0.0,9.0,9.0,150.0,2.0,0.0,0.0,3.0,179.26525807380676,1,2,1,1.0
6710,0.0,11.0,0.0,1.0,1.0,142.0,0.0,1.0,0.0,9.0,9.0,150.0,2.0,0.0,0.0,3.0,179.28296875953674,1,2,1,1.0
6711,0.0,11.0,0.0,1.0,1.0,141.0,0.0,1.0,0.0,9.0,9.0,150.0,2.0,0.0,0.0,3.0,179.3591763973236,1,2,1,1.0
6712,0.0,11.0,0.0,1.0,1.0,141.0,0.0,1.0,0.0,9.0,9.0,151.0,2.0,0.0,0.0,3.0,179.36789321899414,1,2,1,1.0
6713,0.0,11.0,0.0,1.0,1.0,140.0,0.0,1.0,0.0,9.0,9.0,150.0,2.0,0.0,0.0,3.0,179.37652683258057,1,2,1,1.0
6714,0.0,11.0,0.0,1.0,1.0,140.0,0.0,1.0,0.0,8.0,9.0,150.0,2.0,0.0,0.0,3.0,179.39385628700256,1,2,1,1.0
6715,0.0,11.0,0.0,1.0,1.0,140.0,0.0,1.0,0.0,8.0,9.0,151.0,2.0,0.0,0.0,3.0,179.40267133712769,1,2,1,1.0
6716,0.0,11.0,0.0,1.0,1.0,140.0,0.0,1.0,0.0,9.0,9.0,151.0,2.0,0.0,0.0,3.0,179.41118550300598,1,2,1,1.0
6717,0.0,11.0,0.0,1.0,1.0,139.0,0.0,1.0,0.0,8.0,9.0,151.0,2.0,0.0,0.0,3.0,179.41966319084167,1,2,1,1.0
6718,0.0,11.0,0.0,1.0,1.0,139.0,0.0,1.0,0.0,7.0,9.0,151.0,2.0,0.0,0.0,3.0,179.42835688591003,1,2,1,1.0
6719,0.0,11.0,0.0,1.0,1.0,138.0,0.0,1.0,0.0,7.0,9.0,151.0,2.0,0.0,0.0,3.0,179.43687057495117,1,2,1,1.0
6720,0.0,11.0,0.0,1.0,1.0,138.0,0.0,1.0,0.0,8.0,9.0,151.0,2.0,0.0,0.0,3.0,179.47969913482666,1,2,1,1.0
6721,0.0,11.0,0.0,1.0,1.0,137.0,0.0,1.0,0.0,8.0,9.0,151.0,2.0,0.0,0.0,3.0,179.48826217651367,1,2,1,1.0
6722,0.0,11.0,0.0,1.0,1.0,136.0,0.0,1.0,0.0,8.0,9.0,151.0,2.0,0.0,0.0,3.0,179.49724578857422,1,2,1,1.0
6723,0.0,11.0,0.0,1.0,1.0,135.0,0.0,1.0,0.0,8.0,9.0,151.0,2.0,0.0,0.0,3.0,179.5057816505432,1,2,1,1.0
6724,0.0,11.0,0.0,1.0,1.0,134.0,0.0,1.0,0.0,8.0,9.0,151.0,2.0,0.0,0.0,3.0,179.5142068862915,1,2,1,1.0
6725,0.0,11.0,0.0,1.0,1.0,134.0,0.0,1.0,0.0,8.0,9.0,152.0,2.0,0.0,0.0,3.0,179.5225932598114,1,2,1,1.0
6726,0.0,11.0,0.0,1.0,1.0,133.0,0.0,1.0,0.0,8.0,9.0,152.0,2.0,0.0,0.0,3.0,179.53083682060242,1,2,1,1.0
6727,0.0,11.0,0.0,1.0,1.0,132.0,0.0,1.0,0.0,8.0,9.0,152.0,2.0,0.0,0.0,3.0,179.53949356079102,1,2,1,1.0
6728,0.0,11.0,0.0,1.0,1.0,131.0,0.0,1.0,0.0,8.0,9.0,152.0,2.0,0.0,0.0,3.0,179.5484938621521,1,2,1,1.0
6729,0.0,11.0,0.0,1.0,1.0,131.0,0.0,1.0,0.0,8.0,9.0,153.0,2.0,0.0,0.0,3.0,179.55707693099976,1,2,1,1.0
6730,0.0,11.0,0.0,1.0,1.0,130.0,0.0,1.0,0.0,8.0,9.0,152.0,2.0,0.0,0.0,3.0,179.5654697418213,1,2,1,1.0
6731,0.0,11.0,0.0,1.0,1.0,131.0,0.0,1.0,0.0,8.0,9.0,151.0,2.0,0.0,0.0,3.0,179.5820848941803,1,2,1,1.0
6732,0.0,11.0,0.0,1.0,1.0,132.0,0.0,1.0,0.0,8.0,9.0,151.0,2.0,0.0,0.0,3.0,179.59030866622925,1,2,1,1.0
6733,0.0,11.0,0.0,1.0,1.0,131.0,0.0,1.0,0.0,7.0,9.0,152.0,2.0,0.0,0.0,3.0,179.63199186325073,1,2,1,1.0
6734,0.0,11.0,0.0,2.0,1.0,131.0,0.0,1.0,0.0,7.0,9.0,152.0,2.0,0.0,0.0,3.0,179.64033269882202,1,2,1,1.0
6735,0.0,10.0,0.0,1.0,1.0,130.0,0.0,1.0,0.0,8.0,9.0,152.0,2.0,0.0,0.0,3.0,179.66620445251465,1,2,1,1.0
6736,0.0,10.0,0.0,1.0,1.0,130.0,0.0,1.0,0.0,7.0,9.0,152.0,2.0,0.0,0.0,3.0,179.67463612556458,1,2,1,1.0
6737,0.0,10.0,0.0,1.0,1.0,130.0,0.0,1.0,0.0,6.0,9.0,152.0,2.0,0.0,0.0,3.0,179.69176626205444,1,2,1,1.0
6738,0.0,10.0,0.0,1.0,1.0,131.0,0.0,1.0,0.0,6.0,9.0,152.0,2.0,0.0,0.0,3.0,179.70067858695984,1,2,1,1.0
6739,0.0,10.0,0.0,1.0,1.0,131.0,0.0,1.0,0.0,7.0,9.0,152.0,2.0,0.0,0.0,3.0,179.7098445892334,1,2,1,1.0
6740,0.0,10.0,0.0,1.0,1.0,131.0,0.0,1.0,0.0,5.0,9.0,152.0,2.0,0.0,0.0,3.0,179.72708654403687,1,2,1,1.0
6741,0.0,10.0,0.0,1.0,1.0,130.0,0.0,1.0,0.0,5.0,9.0,152.0,2.0,0.0,0.0,3.0,179.77935695648193,1,2,1,1.0
6742,0.0,10.0,0.0,2.0,1.0,130.0,0.0,1.0,0.0,6.0,9.0,152.0,2.0,0.0,0.0,3.0,179.797217130661,1,2,1,1.0
6743,0.0,10.0,0.0,1.0,1.0,130.0,0.0,1.0,0.0,8.0,9.0,153.0,2.0,0.0,0.0,3.0,179.82325744628906,1,2,1,1.0
7180,0.0,9.0,0.0,1.0,1.0,149.0,0.0,1.0,0.0,8.0,10.0,149.0,2.0,0.0,0.0,3.0,189.85145735740662,1,2,1,1.0
7181,0.0,9.0,0.0,1.0,1.0,150.0,0.0,1.0,0.0,8.0,10.0,149.0,2.0,0.0,0.0,3.0,189.9418966770172,1,2,1,1.0
7182,0.0,9.0,0.0,1.0,1.0,151.0,0.0,1.0,0.0,8.0,10.0,149.0,2.0,0.0,0.0,3.0,189.95031833648682,1,2,1,1.0
7183,0.0,9.0,0.0,1.0,1.0,152.0,0.0,1.0,0.0,8.0,10.0,149.0,2.0,0.0,0.0,3.0,189.9587996006012,1,2,1,1.0
7184,0.0,9.0,0.0,1.0,1.0,153.0,0.0,1.0,0.0,8.0,10.0,149.0,2.0,0.0,0.0,3.0,189.96733283996582,1,2,1,1.0
7185,0.0,9.0,0.0,1.0,1.0,150.0,0.0,1.0,0.0,8.0,10.0,148.0,2.0,0.0,0.0,3.0,190.00126600265503,1,2,1,1.0
7186,0.0,9.0,0.0,1.0,1.0,148.0,0.0,1.0,0.0,8.0,10.0,149.0,2.0,0.0,0.0,3.0,190.01785683631897,1,2,1,1.0
7187,0.0,9.0,0.0,1.0,1.0,151.0,0.0,1.0,0.0,8.0,10.0,150.0,2.0,0.0,0.0,3.0,190.05187797546387,1,2,1,1.0
7188,0.0,9.0,0.0,1.0,1.0,152.0,0.0,1.0,0.0,8.0,10.0,150.0,2.0,0.0,0.0,3.0,190.0603997707367,1,2,1,1.0
7189,0.0,9.0,0.0,1.0,1.0,153.0,0.0,1.0,0.0,8.0,10.0,150.0,2.0,0.0,0.0,3.0,190.06894397735596,1,2,1,1.0
7190,0.0,9.0,0.0,1.0,1.0,154.0,0.0,1.0,0.0,8.0,10.0,150.0,2.0,0.0,0.0,3.0,190.07771801948547,1,2,1,1.0
7191,0.0,9.0,0.0,1.0,1.0,155.0,0.0,1.0,0.0,8.0,10.0,150.0,2.0,0.0,0.0,3.0,190.08629846572876,1,2,1,1.0
7192,0.0,9.0,0.0,1.0,1.0,156.0,0.0,1.0,0.0,8.0,10.0,150.0,2.0,0.0,0.0,3.0,190.09485793113708,1,2,1,1.0
7193,0.0,9.0,0.0,1.0,1.0,157.0,0.0,1.0,0.0,8.0,10.0,150.0,2.0,0.0,0.0,3.0,190.12139678001404,1,2,1,1.0
7194,0.0,9.0,0.0,1.0,1.0,154.0,0.0,1.0,0.0,8.0,10.0,149.0,2.0,0.0,0.0,3.0,190.2237150669098,1,2,1,1.0
7196,0.0,8.0,0.0,1.0,1.0,153.0,0.0,1.0,0.0,8.0,10.0,150.0,2.0,0.0,0.0,3.0,190.24958300590515,1,2,1,1.0
7197,0.0,8.0,0.0,1.0,1.0,152.0,0.0,1.0,0.0,8.0,10.0,150.0,2.0,0.0,0.0,3.0,190.2581181526184,1,2,1,1.0
7198,0.0,8.0,0.0,1.0,1.0,151.0,0.0,1.0,0.0,8.0,10.0,150.0,2.0,0.0,0.0,3.0,190.26643228530884,1,2,1,1.0
7199,0.0,8.0,0.0,1.0,1.0,150.0,0.0,1.0,0.0,8.0,10.0,150.0,2.0,0.0,0.0,3.0,190.27509212493896,1,2,1,1.0
7200,0.0,8.0,0.0,1.0,1.0,154.0,0.0,1.0,0.0,8.0,10.0,150.0,2.0,0.0,0.0,3.0,190.30904340744019,1,2,1,1.0
7201,0.0,8.0,0.0,1.0,1.0,155.0,0.0,1.0,0.0,8.0,10.0,150.0,2.0,0.0,0.0,3.0,190.3173017501831,1,2,1,1.0
7202,0.0,8.0,0.0,1.0,1.0,156.0,0.0,1.0,0.0,8.0,10.0,150.0,2.0,0.0,0.0,3.0,190.32607460021973,1,2,1,1.0
7204,0.0,8.0,0.0,1.0,1.0,157.0,0.0,1.0,0.0,8.0,10.0,150.0,2.0,0.0,0.0,3.0,190.58125472068787,1,2,1,1.0
7205,0.0,8.0,0.0,1.0,1.0,158.0,0.0,1.0,0.0,8.0,10.0,150.0,2.0,0.0,0.0,3.0,190.58972716331482,1,2,1,1.0
7206,0.0,7.0,0.0,1.0,1.0,156.0,0.0,1.0,0.0,8.0,10.0,150.0,2.0,0.0,0.0,3.0,190.6660394668579,1,2,1,1.0
7207,0.0,8.0,0.0,1.0,1.0,157.0,0.0,1.0,0.0,8.0,10.0,151.0,2.0,0.0,0.0,3.0,190.73384308815002,1,2,1,1.0
7208,0.0,8.0,0.0,1.0,1.0,156.0,0.0,1.0,0.0,8.0,10.0,151.0,2.0,0.0,0.0,3.0,190.74242568016052,1,2,1,1.0
7209,0.0,8.0,0.0,1.0,1.0,156.0,0.0,1.0,0.0,8.0,10.0,152.0,2.0,0.0,0.0,3.0,190.75110793113708,1,2,1,1.0
7210,0.0,8.0,0.0,1.0,1.0,157.0,0.0,1.0,0.0,8.0,10.0,152.0,2.0,0.0,0.0,3.0,190.75950717926025,1,2,1,1.0
7211,0.0,8.0,0.0,1.0,1.0,158.0,0.0,1.0,0.0,8.0,10.0,152.0,2.0,0.0,0.0,3.0,190.76796770095825,1,2,1,1.0
7212,0.0,8.0,0.0,1.0,1.0,159.0,0.0,1.0,0.0,8.0,10.0,152.0,2.0,0.0,0.0,3.0,190.77680683135986,1,2,1,1.0
7213,0.0,8.0,0.0,1.0,1.0,159.0,0.0,1.0,0.0,8.0,10.0,151.0,2.0,0.0,0.0,3.0,190.7853398323059,1,2,1,1.0
7214,0.0,8.0,0.0,1.0,1.0,160.0,0.0,1.0,0.0,8.0,10.0,152.0,2.0,0.0,0.0,3.0,190.7938117980957,1,2,1,1.0
7215,0.0,8.0,0.0,1.0,1.0,161.0,0.0,1.0,0.0,8.0,10.0,152.0,2.0,0.0,0.0,3.0,190.80205249786377,1,2,1,1.0
7216,0.0,8.0,0.0,1.0,1.0,160.0,0.0,1.0,0.0,8.0,10.0,151.0,2.0,0.0,0.0,3.0,190.81921529769897,1,2,1,1.0
7217,0.0,8.0,0.0,1.0,1.0,162.0,0.0,1.0,0.0,8.0,10.0,152.0,2.0,0.0,0.0,3.0,190.95426201820374,1,2,1,1.0
7219,0.0,8.0,0.0,1.0,1.0,161.0,0.0,1.0,0.0,8.0,10.0,151.0,2.0,0.0,0.0,3.0,191.06344413757324,1,2,1,1.0
7221,0.0,8.0,0.0,0.0,1.0,160.0,0.0,1.0,0.0,8.0,10.0,151.0,3.0,0.0,0.0,3.0,191.08941984176636,1,2,1,1.0
7222,0.0,8.0,0.0,0.0,1.0,160.0,0.0,1.0,0.0,8.0,10.0,150.0,3.0,0.0,0.0,3.0,191.09815859794617,1,2,1,1.0
7223,0.0,8.0,0.0,0.0,1.0,159.0,0.0,1.0,0.0,8.0,10.0,150.0,3.0,0.0,0.0,3.0,191.1067395210266,1,2,1,1.0
7224,0.0,8.0,0.0,0.0,1.0,160.0,0.0,1.0,1.0,8.0,10.0,150.0,3.0,0.0,0.0,3.0,191.1404139995575,1,2,1,1.0
7225,0.0,8.0,0.0,0.0,1.0,158.0,0.0,1.0,0.0,8.0,10.0,150.0,3.0,0.0,0.0,3.0,191.1574718952179,1,2,1,1.0
7226,0.0,8.0,0.0,0.0,1.0,157.0,0.0,1.0,0.0,8.0,10.0,150.0,3.0,0.0,0.0,3.0,191.16594171524048,1,2,1,1.0
7227,0.0,8.0,0.0,0.0,1.0,156.0,0.0,1.0,0.0,8.0,10.0,150.0,3.0,0.0,0.0,3.0,191.17443752288818,1,2,1,1.0
7228,0.0,8.0,0.0,0.0,1.0,156.0,0.0,1.0,0.0,8.0,10.0,149.0,3.0,0.0,0.0,3.0,191.18304920196533,1,2,1,1.0
7229,0.0,8.0,0.0,0.0,1.0,155.0,0.0,1.0,0.0,8.0,10.0,150.0,3.0,0.0,0.0,3.0,191.19991517066956,1,2,1,1.0
7232,0.0,8.0,0.0,0.0,1.0,158.0,0.0,1.0,0.0,8.0,10.0,149.0,3.0,0.0,0.0,3.0,191.5190451145172,1,2,1,1.0
7233,0.0,7.0,0.0,0.0,1.0,158.0,0.0,1.0,0.0,8.0,10.0,149.0,3.0,0.0,0.0,3.0,191.52774834632874,1,2,1,1.0
7234,0.0,7.0,0.0,0.0,1.0,158.0,0.0,1.0,0.0,8.0,10.0,150.0,3.0,0.0,0.0,3.0,191.54461908340454,1,2,1,1.0
7235,0.0,7.0,0.0,0.0,1.0,157.0,0.0,1.0,0.0,8.0,10.0,150.0,3.0,0.0,0.0,3.0,191.55304193496704,1,2,1,1.0
7236,0.0,7.0,0.0,0.0,1.0,156.0,0.0,1.0,0.0,8.0,10.0,150.0,3.0,0.0,0.0,3.0,191.56121063232422,1,2,1,1.0
7237,0.0,7.0,0.0,0.0,1.0,155.0,0.0,1.0,0.0,8.0,10.0,150.0,3.0,0.0,0.0,3.0,191.5695960521698,1,2,1,1.0
7238,0.0,7.0,0.0,0.0,1.0,154.0,0.0,1.0,0.0,8.0,10.0,150.0,3.0,0.0,0.0,3.0,191.57807779312134,1,2,1,1.0
7239,0.0,7.0,0.0,0.0,1.0,154.0,0.0,1.0,0.0,8.0,10.0,151.0,3.0,0.0,0.0,3.0,191.58652782440186,1,2,1,1.0
7240,0.0,7.0,0.0,0.0,1.0,153.0,0.0,1.0,0.0,8.0,10.0,151.0,3.0,0.0,0.0,3.0,191.59491848945618,1,2,1,1.0
7241,0.0,7.0,0.0,0.0,1.0,152.0,0.0,1.0,0.0,8.0,10.0,151.0,3.0,0.0,0.0,3.0,191.60355710983276,1,2,1,1.0
7242,0.0,7.0,0.0,0.0,1.0,151.0,0.0,1.0,0.0,8.0,10.0,151.0,3.0,0.0,0.0,3.0,191.61198902130127,1,2,1,1.0
7243,0.0,7.0,0.0,0.0,1.0,151.0,0.0,1.0,0.0,8.0,10.0,150.0,3.0,0.0,0.0,3.0,191.620258808136,1,2,1,1.0
7244,0.0,7.0,0.0,0.0,1.0,150.0,0.0,1.0,0.0,8.0,10.0,150.0,3.0,0.0,0.0,3.0,191.6289505958557,1,2,1,1.0
7245,0.0,7.0,0.0,0.0,1.0,149.0,0.0,1.0,0.0,8.0,10.0,150.0,3.0,0.0,0.0,3.0,191.63760590553284,1,2,1,1.0
7246,0.0,7.0,0.0,0.0,1.0,152.0,0.0,1.0,0.0,8.0,10.0,150.0,3.0,0.0,0.0,3.0,191.65497851371765,1,2,1,1.0
7247,0.0,7.0,0.0,0.0,1.0,153.0,0.0,1.0,0.0,8.0,10.0,150.0,3.0,0.0,0.0,3.0,191.66367745399475,1,2,1,1.0
7248,0.0,7.0,0.0,0.0,1.0,150.0,0.0,1.0,0.0,8.0,10.0,149.0,3.0,0.0,0.0,3.0,191.6977665424347,1,2,1,1.0
7249,0.0,7.0,0.0,0.0,1.0,151.0,0.0,1.0,0.0,8.0,10.0,149.0,3.0,0.0,0.0,3.0,191.7064118385315,1,2,1,1.0
7250,0.0,7.0,0.0,0.0,1.0,149.0,0.0,1.0,0.0,8.0,10.0,149.0,3.0,0.0,0.0,3.0,191.72382950782776,1,2,1,1.0
7256,0.0,6.0,0.0,0.0,1.0,150.0,0.0,1.0,0.0,8.0,10.0,151.0,3.0,0.0,0.0,3.0,191.79233956336975,1,2,1,1.0
7257,0.0,6.0,0.0,0.0,1.0,149.0,0.0,1.0,0.0,8.0,10.0,151.0,3.0,0.0,0.0,3.0,191.80093789100647,1,2,1,1.0
7260,0.0,6.0,0.0,0.0,1.0,151.0,0.0,1.0,0.0,8.0,10.0,151.0,3.0,0.0,0.0,3.0,191.92291235923767,1,2,1,1.0
7261,0.0,6.0,0.0,0.0,1.0,151.0,0.0,1.0,0.0,8.0,10.0,152.0,3.0,0.0,0.0,3.0,191.93165969848633,1,2,1,1.0
7262,0.0,6.0,0.0,0.0,1.0,152.0,0.0,1.0,0.0,8.0,10.0,152.0,3.0,0.0,0.0,3.0,191.9398217201233,1,2,1,1.0
7263,0.0,6.0,0.0,0.0,1.0,153.0,0.0,1.0,0.0,8.0,10.0,152.0,3.0,0.0,0.0,3.0,191.94842004776,1,2,1,1.0
7265,0.0,6.0,0.0,0.0,1.0,154.0,0.0,1.0,0.0,8.0,10.0,152.0,3.0,0.0,0.0,3.0,192.05164289474487,1,2,1,1.0
7266,0.0,6.0,0.0,0.0,1.0,152.0,0.0,1.0,0.0,8.0,10.0,153.0,3.0,0.0,0.0,3.0,192.1264169216156,1,2,1,1.0
7267,0.0,6.0,0.0,0.0,1.0,151.0,0.0,1.0,0.0,8.0,10.0,153.0,3.0,0.0,0.0,3.0,192.13476586341858,1,2,1,1.0
7268,0.0,6.0,0.0,0.0,1.0,150.0,0.0,1.0,0.0,8.0,10.0,153.0,3.0,0.0,0.0,3.0,192.14319968223572,1,2,1,1.0
7269,0.0,6.0,0.0,0.0,1.0,149.0,0.0,1.0,0.0,8.0,10.0,153.0,3.0,0.0,0.0,3.0,192.15135550498962,1,2,1,1.0
7270,0.0,6.0,0.0,0.0,1.0,149.0,0.0,1.0,0.0,8.0,10.0,152.0,3.0,0.0,0.0,3.0,192.15973353385925,1,2,1,1.0
7271,0.0,6.0,0.0,0.0,1.0,148.0,0.0,1.0,0.0,8.0,10.0,152.0,3.0,0.0,0.0,3.0,192.1680874824524,1,2,1,1.0
7272,0.0,6.0,0.0,0.0,1.0,148.0,0.0,1.0,0.0,8.0,10.0,151.0,3.0,0.0,0.0,3.0,192.1929259300232,1,2,1,1.0
7274,0.0,6.0,0.0,0.0,1.0,147.0,0.0,1.0,0.0,8.0,10.0,151.0,3.0,0.0,0.0,3.0,192.20978665351868,1,2,1,1.0
7276,0.0,6.0,0.0,0.0,1.0,146.0,0.0,1.0,0.0,8.0,10.0,151.0,3.0,0.0,0.0,3.0,192.2264952659607,1,2,1,1.0
9592,0.0,8.0,2.0,0.0,1.0,175.0,1.0,1.0,0.0,7.0,3.0,169.0,2.0,4.0,4.0,0.0,408.22518491744995,1,2,1,1.0
9593,0.0,8.0,2.0,0.0,1.0,175.0,1.0,1.0,0.0,7.0,3.0,168.0,2.0,4.0,4.0,0.0,408.23353934288025,1,2,1,1.0
9595,0.0,8.0,2.0,0.0,1.0,174.0,1.0,1.0,0.0,7.0,3.0,168.0,2.0,4.0,4.0,0.0,408.25050830841064,1,2,1,1.0
9596,0.0,8.0,2.0,0.0,1.0,173.0,1.0,1.0,0.0,7.0,3.0,168.0,2.0,4.0,4.0,0.0,408.2591245174408,1,2,1,1.0
9597,0.0,8.0,2.0,0.0,1.0,174.0,1.0,1.0,0.0,7.0,3.0,168.0,3.0,4.0,4.0,0.0,408.3279457092285,1,2,1,1.0
9598,0.0,8.0,2.0,0.0,1.0,174.0,1.0,1.0,0.0,8.0,3.0,168.0,3.0,4.0,4.0,0.0,408.33656430244446,1,2,1,1.0
9599,0.0,8.0,2.0,0.0,1.0,174.0,1.0,1.0,0.0,7.0,3.0,167.0,3.0,4.0,4.0,0.0,408.34503984451294,1,2,1,1.0
9604,0.0,7.0,2.0,0.0,1.0,174.0,1.0,1.0,0.0,6.0,3.0,167.0,2.0,4.0,4.0,0.0,408.4042320251465,1,2,1,1.0
9605,0.0,7.0,2.0,1.0,1.0,174.0,1.0,1.0,0.0,6.0,3.0,167.0,2.0,4.0,4.0,0.0,408.4129145145416,1,2,1,1.0
9606,0.0,7.0,2.0,0.0,1.0,173.0,1.0,1.0,0.0,6.0,3.0,167.0,2.0,4.0,4.0,0.0,408.4214825630188,1,2,1,1.0
9607,0.0,7.0,2.0,0.0,1.0,175.0,1.0,1.0,0.0,6.0,3.0,167.0,2.0,4.0,4.0,0.0,408.4385256767273,1,2,1,1.0
9621,0.0,8.0,2.0,0.0,1.0,174.0,1.0,1.0,0.0,7.0,3.0,164.0,2.0,4.0,4.0,0.0,408.6056544780731,1,2,1,1.0
9645,0.0,8.0,2.0,0.0,1.0,175.0,1.0,1.0,0.0,8.0,3.0,167.0,3.0,4.0,4.0,0.0,408.97067165374756,1,2,1,1.0
9646,0.0,8.0,2.0,0.0,1.0,175.0,1.0,1.0,0.0,8.0,3.0,168.0,3.0,4.0,4.0,0.0,408.98736357688904,1,2,1,1.0
9647,0.0,8.0,2.0,0.0,1.0,175.0,1.0,1.0,0.0,9.0,3.0,168.0,3.0,4.0,4.0,0.0,408.9957616329193,1,2,1,1.0
9648,0.0,8.0,2.0,0.0,1.0,174.0,1.0,1.0,0.0,8.0,3.0,169.0,3.0,4.0,4.0,0.0,409.02088022232056,1,2,1,1.0
9649,0.0,8.0,2.0,0.0,1.0,174.0,1.0,1.0,0.0,8.0,3.0,169.0,3.0,4.0,4.0,1.0,409.02926683425903,1,2,1,1.0
9650,0.0,8.0,2.0,0.0,1.0,173.0,1.0,1.0,0.0,8.0,3.0,169.0,3.0,4.0,4.0,1.0,409.0374484062195,1,2,1,1.0
9662,0.0,7.0,2.0,0.0,1.0,170.0,1.0,1.0,0.0,7.0,3.0,169.0,3.0,4.0,4.0,0.0,409.22936248779297,1,2,1,1.0
9682,0.0,7.0,2.0,2.0,1.0,171.0,1.0,1.0,0.0,8.0,3.0,169.0,3.0,4.0,4.0,1.0,409.4297568798065,1,2,1,1.0
9684,0.0,7.0,2.0,2.0,1.0,171.0,1.0,1.0,0.0,8.0,3.0,170.0,4.0,4.0,4.0,0.0,409.4467716217041,1,2,1,1.0
9685,0.0,7.0,2.0,3.0,1.0,171.0,1.0,1.0,0.0,8.0,3.0,170.0,4.0,4.0,4.0,0.0,409.4553110599518,1,2,1,1.0
9686,0.0,7.0,2.0,2.0,1.0,170.0,1.0,1.0,0.0,8.0,3.0,170.0,4.0,4.0,4.0,0.0,409.46368741989136,1,2,1,1.0
9768,0.0,6.0,0.0,2.0,1.0,174.0,1.0,1.0,0.0,4.0,3.0,171.0,6.0,4.0,4.0,0.0,410.48484992980957,1,2,1,1.0
9775,0.0,6.0,0.0,1.0,1.0,173.0,1.0,1.0,0.0,4.0,3.0,172.0,6.0,4.0,4.0,0.0,410.5424678325653,1,2,1,1.0
9776,0.0,6.0,0.0,1.0,1.0,173.0,1.0,1.0,0.0,4.0,3.0,173.0,6.0,4.0,4.0,0.0,410.5506601333618,1,2,1,1.0
9778,0.0,6.0,0.0,1.0,1.0,174.0,1.0,1.0,0.0,4.0,3.0,173.0,6.0,4.0,4.0,0.0,410.5757248401642,1,2,1,1.0
9781,0.0,7.0,0.0,0.0,1.0,174.0,1.0,1.0,0.0,4.0,3.0,173.0,6.0,4.0,4.0,0.0,410.6421115398407,1,2,1,1.0
9782,0.0,7.0,0.0,0.0,1.0,175.0,1.0,1.0,0.0,4.0,3.0,173.0,6.0,4.0,4.0,0.0,410.6504647731781,1,2,1,1.0
9783,0.0,7.0,0.0,0.0,1.0,176.0,1.0,1.0,0.0,4.0,3.0,173.0,6.0,4.0,4.0,0.0,410.65905117988586,1,2,1,1.0
9784,0.0,7.0,0.0,0.0,1.0,176.0,1.0,1.0,0.0,5.0,3.0,173.0,6.0,4.0,4.0,0.0,410.6673266887665,1,2,1,1.0
9785,0.0,7.0,0.0,0.0,1.0,177.0,1.0,1.0,0.0,5.0,3.0,173.0,6.0,4.0,4.0,0.0,410.675714969635,1,2,1,1.0
9787,0.0,6.0,0.0,0.0,1.0,177.0,1.0,1.0,0.0,5.0,3.0,173.0,5.0,4.0,4.0,0.0,410.70075726509094,1,2,1,1.0
9804,0.0,6.0,0.0,3.0,1.0,178.0,1.0,1.0,0.0,4.0,3.0,171.0,6.0,4.0,4.0,0.0,410.9197142124176,1,2,1,1.0
9805,0.0,6.0,0.0,3.0,1.0,178.0,1.0,1.0,0.0,4.0,3.0,172.0,6.0,4.0,4.0,0.0,410.92825651168823,1,2,1,1.0
9806,0.0,6.0,0.0,3.0,1.0,179.0,1.0,1.0,0.0,4.0,3.0,171.0,6.0,4.0,4.0,0.0,410.94510316848755,1,2,1,1.0
9807,0.0,6.0,0.0,3.0,1.0,180.0,1.0,1.0,0.0,4.0,3.0,171.0,6.0,4.0,4.0,0.0,410.9535663127899,1,2,1,1.0
9808,0.0,6.0,0.0,3.0,1.0,180.0,1.0,1.0,0.0,5.0,3.0,171.0,6.0,4.0,4.0,0.0,410.96183490753174,1,2,1,1.0
9809,0.0,6.0,0.0,3.0,1.0,180.0,1.0,1.0,0.0,6.0,3.0,171.0,6.0,4.0,4.0,0.0,410.9699676036835,1,2,1,1.0
9810,0.0,6.0,0.0,3.0,1.0,180.0,1.0,1.0,0.0,5.0,3.0,172.0,6.0,4.0,4.0,0.0,410.9780373573303,1,2,1,1.0
9811,0.0,6.0,0.0,3.0,1.0,179.0,1.0,1.0,0.0,5.0,3.0,172.0,6.0,4.0,4.0,0.0,410.98601484298706,1,2,1,1.0
9812,0.0,6.0,0.0,3.0,1.0,179.0,1.0,1.0,0.0,6.0,3.0,172.0,6.0,4.0,4.0,0.0,410.9945664405823,1,2,1,1.0
9813,0.0,6.0,0.0,3.0,1.0,180.0,1.0,1.0,0.0,6.0,3.0,172.0,6.0,4.0,4.0,0.0,411.0028223991394,1,2,1,1.0
9814,0.0,6.0,0.0,3.0,1.0,178.0,1.0,1.0,0.0,6.0,3.0,172.0,6.0,4.0,4.0,0.0,411.01961278915405,1,2,1,1.0
9815,0.0,6.0,0.0,3.0,1.0,179.0,1.0,1.0,0.0,6.0,3.0,171.0,6.0,4.0,4.0,0.0,411.02805376052856,1,2,1,1.0
9816,0.0,6.0,0.0,3.0,1.0,179.0,1.0,1.0,0.0,5.0,3.0,171.0,6.0,4.0,4.0,0.0,411.0365092754364,1,2,1,1.0
9817,0.0,6.0,0.0,3.0,1.0,178.0,1.0,1.0,0.0,5.0,3.0,171.0,6.0,4.0,4.0,0.0,411.0449957847595,1,2,1,1.0
9821,0.0,6.0,0.0,3.0,1.0,176.0,1.0,1.0,0.0,5.0,3.0,172.0,6.0,4.0,4.0,1.0,411.13004636764526,1,2,1,1.0
9857,0.0,6.0,0.0,1.0,1.0,174.0,1.0,1.0,0.0,5.0,3.0,171.0,5.0,4.0,4.0,1.0,411.5894491672516,1,2,1,1.0
10120,0.0,3.0,2.0,0.0,1.0,195.0,0.0,0.0,2.0,7.0,2.0,192.0,3.0,3.0,4.0,3.0,415.635036945343,1,2,1,1.0
10170,0.0,3.0,2.0,3.0,1.0,198.0,1.0,1.0,1.0,5.0,2.0,192.0,2.0,3.0,4.0,3.0,416.35734844207764,1,2,1,1.0
10171,0.0,3.0,2.0,3.0,1.0,199.0,1.0,1.0,1.0,5.0,2.0,192.0,2.0,3.0,4.0,3.0,416.36572074890137,1,2,1,1.0
10172,0.0,3.0,2.0,3.0,1.0,200.0,1.0,1.0,1.0,5.0,2.0,192.0,2.0,3.0,4.0,3.0,416.37395429611206,1,2,1,1.0
10198,0.0,2.0,2.0,3.0,1.0,197.0,1.0,1.0,1.0,4.0,2.0,194.0,2.0,3.0,4.0,3.0,416.77625036239624,1,2,1,1.0
10199,0.0,2.0,2.0,3.0,1.0,196.0,1.0,1.0,1.0,4.0,2.0,194.0,2.0,3.0,4.0,3.0,416.78455424308777,1,2,1,1.0
10200,0.0,2.0,2.0,3.0,1.0,198.0,1.0,1.0,1.0,4.0,2.0,194.0,2.0,3.0,4.0,3.0,416.80126667022705,1,2,1,1.0
10201,0.0,2.0,2.0,3.0,1.0,199.0,1.0,1.0,1.0,4.0,2.0,194.0,2.0,3.0,4.0,3.0,416.8097405433655,1,2,1,1.0
10202,0.0,2.0,2.0,3.0,1.0,198.0,1.0,1.0,1.0,4.0,2.0,195.0,2.0,3.0,4.0,3.0,416.82635855674744,1,2,1,1.0
10203,0.0,2.0,2.0,3.0,1.0,200.0,1.0,1.0,1.0,4.0,2.0,194.0,2.0,3.0,4.0,3.0,416.8601245880127,1,2,1,1.0
10215,0.0,1.0,1.0,2.0,1.0,199.0,1.0,1.0,1.0,3.0,2.0,194.0,2.0,3.0,4.0,3.0,417.0073502063751,1,2,1,1.0
10560,0.0,1.0,2.0,0.0,1.0,166.0,1.0,1.0,2.0,6.0,2.0,194.0,3.0,3.0,4.0,0.0,422.00506830215454,1,2,1,1.0
10609,0.0,7.0,1.0,0.0,1.0,191.0,0.0,0.0,2.0,9.0,4.0,191.0,3.0,1.0,3.0,3.0,424.06196665763855,1,2,1,1.0
10611,0.0,7.0,1.0,0.0,1.0,191.0,0.0,0.0,2.0,9.0,4.0,192.0,3.0,1.0,3.0,3.0,424.0791816711426,1,2,1,1.0
10612,0.0,7.0,1.0,0.0,1.0,191.0,0.0,0.0,2.0,9.0,4.0,193.0,3.0,1.0,3.0,3.0,424.08763551712036,1,2,1,1.0
10615,0.0,7.0,1.0,0.0,1.0,192.0,0.0,0.0,2.0,9.0,4.0,192.0,3.0,1.0,3.0,3.0,424.11302852630615,1,2,1,1.0
10618,0.0,7.0,1.0,0.0,1.0,191.0,0.0,0.0,2.0,9.0,4.0,190.0,3.0,1.0,3.0,3.0,424.20120334625244,1,2,1,1.0
10620,0.0,6.0,1.0,0.0,1.0,191.0,0.0,0.0,2.0,9.0,4.0,190.0,3.0,1.0,3.0,3.0,424.2186806201935,1,2,1,1.0
10621,0.0,7.0,1.0,0.0,1.0,190.0,0.0,0.0,2.0,9.0,4.0,191.0,3.0,1.0,3.0,3.0,424.2537910938263,1,2,1,1.0
10622,0.0,7.0,1.0,0.0,1.0,190.0,0.0,0.0,2.0,9.0,4.0,192.0,3.0,1.0,3.0,3.0,424.2625181674957,1,2,1,1.0
10623,0.0,7.0,1.0,0.0,1.0,189.0,0.0,0.0,2.0,9.0,4.0,191.0,3.0,1.0,3.0,3.0,424.2717533111572,1,2,1,1.0
10624,0.0,7.0,1.0,0.0,1.0,189.0,0.0,0.0,2.0,9.0,4.0,192.0,3.0,1.0,3.0,3.0,424.2804808616638,1,2,1,1.0
10625,0.0,7.0,1.0,0.0,1.0,189.0,0.0,0.0,2.0,9.0,4.0,190.0,3.0,1.0,3.0,3.0,424.2890727519989,1,2,1,1.0
10626,0.0,7.0,1.0,0.0,1.0,189.0,0.0,0.0,2.0,9.0,4.0,190.0,3.0,0.0,3.0,3.0,424.29773020744324,1,2,1,1.0
10627,0.0,7.0,1.0,0.0,1.0,188.0,0.0,0.0,2.0,9.0,4.0,190.0,3.0,0.0,3.0,3.0,424.30648136138916,1,2,1,1.0
10628,0.0,7.0,1.0,0.0,1.0,189.0,0.0,0.0,2.0,9.0,4.0,191.0,3.0,0.0,3.0,3.0,424.3151605129242,1,2,1,1.0
10629,0.0,7.0,0.0,0.0,1.0,189.0,0.0,0.0,2.0,9.0,4.0,191.0,3.0,0.0,3.0,3.0,424.3239493370056,1,2,1,1.0
10631,0.0,7.0,1.0,0.0,1.0,189.0,0.0,0.0,2.0,9.0,4.0,192.0,3.0,0.0,3.0,3.0,424.4245743751526,1,2,1,1.0
10632,0.0,7.0,2.0,0.0,1.0,189.0,0.0,0.0,2.0,9.0,4.0,192.0,3.0,0.0,3.0,3.0,424.43293142318726,1,2,1,1.0
10633,0.0,6.0,2.0,0.0,1.0,189.0,0.0,0.0,2.0,9.0,4.0,192.0,3.0,0.0,3.0,3.0,424.4413073062897,1,2,1,1.0
10634,0.0,7.0,2.0,0.0,1.0,189.0,0.0,0.0,2.0,9.0,4.0,191.0,3.0,0.0,3.0,3.0,424.44948983192444,1,2,1,1.0
10635,0.0,7.0,2.0,0.0,1.0,190.0,0.0,0.0,2.0,9.0,4.0,191.0,3.0,0.0,3.0,3.0,424.4576508998871,1,2,1,1.0
10636,0.0,7.0,2.0,0.0,1.0,189.0,0.0,0.0,2.0,9.0,4.0,190.0,3.0,0.0,3.0,3.0,424.4657528400421,1,2,1,1.0
10637,0.0,7.0,2.0,0.0,1.0,189.0,0.0,0.0,2.0,9.0,4.0,189.0,3.0,0.0,3.0,3.0,424.4739725589752,1,2,1,1.0
10638,0.0,7.0,2.0,0.0,1.0,189.0,0.0,0.0,2.0,9.0,4.0,188.0,3.0,0.0,3.0,3.0,424.48199009895325,1,2,1,1.0
10639,0.0,6.0,2.0,0.0,1.0,189.0,0.0,0.0,2.0,9.0,4.0,188.0,3.0,0.0,3.0,3.0,424.48997831344604,1,2,1,1.0
10640,0.0,6.0,2.0,0.0,1.0,189.0,0.0,0.0,2.0,9.0,4.0,187.0,3.0,0.0,3.0,3.0,424.4983549118042,1,2,1,1.0
10641,0.0,7.0,2.0,0.0,1.0,189.0,0.0,0.0,2.0,9.0,4.0,187.0,3.0,0.0,3.0,3.0,424.5145823955536,1,2,1,1.0
10642,0.0,7.0,2.0,0.0,1.0,188.0,0.0,0.0,2.0,9.0,4.0,187.0,3.0,0.0,3.0,3.0,424.5638360977173,1,2,1,1.0
10643,0.0,7.0,2.0,1.0,1.0,188.0,0.0,0.0,2.0,9.0,4.0,187.0,3.0,0.0,3.0,3.0,424.5803334712982,1,2,1,1.0
10644,0.0,7.0,2.0,0.0,1.0,188.0,0.0,0.0,2.0,9.0,4.0,188.0,3.0,0.0,3.0,3.0,424.58842039108276,1,2,1,1.0
10645,0.0,8.0,2.0,0.0,1.0,188.0,0.0,0.0,2.0,9.0,4.0,187.0,3.0,0.0,3.0,3.0,424.6138572692871,1,2,1,1.0
10647,0.0,8.0,2.0,0.0,1.0,188.0,0.0,0.0,2.0,9.0,4.0,186.0,3.0,0.0,3.0,3.0,424.6397862434387,1,2,1,1.0
10648,0.0,9.0,2.0,0.0,1.0,188.0,0.0,0.0,2.0,9.0,4.0,186.0,3.0,0.0,3.0,3.0,424.6480417251587,1,2,1,1.0
10650,0.0,9.0,1.0,0.0,1.0,188.0,0.0,0.0,2.0,9.0,4.0,186.0,3.0,0.0,3.0,3.0,424.66462230682373,1,2,1,1.0
10651,0.0,9.0,2.0,0.0,1.0,188.0,1.0,0.0,2.0,9.0,4.0,186.0,3.0,0.0,3.0,3.0,424.67323422431946,1,2,1,1.0
10652,0.0,9.0,2.0,1.0,1.0,188.0,0.0,0.0,2.0,9.0,4.0,186.0,3.0,0.0,3.0,3.0,424.68138670921326,1,2,1,1.0
10658,0.0,10.0,2.0,0.0,1.0,188.0,0.0,0.0,2.0,9.0,4.0,186.0,3.0,0.0,3.0,3.0,424.7986834049225,1,2,1,1.0
10659,0.0,10.0,2.0,0.0,1.0,189.0,0.0,0.0,2.0,9.0,4.0,186.0,3.0,0.0,3.0,3.0,424.8068585395813,1,2,1,1.0
10660,0.0,10.0,2.0,0.0,1.0,189.0,0.0,0.0,2.0,8.0,4.0,186.0,3.0,0.0,3.0,3.0,424.8154284954071,1,2,1,1.0
10661,0.0,10.0,2.0,0.0,1.0,189.0,0.0,0.0,2.0,8.0,4.0,185.0,3.0,0.0,3.0,3.0,424.82379126548767,1,2,1,1.0
10662,0.0,10.0,2.0,0.0,1.0,188.0,0.0,0.0,2.0,8.0,4.0,185.0,3.0,0.0,3.0,3.0,424.8324453830719,1,2,1,1.0
10663,0.0,10.0,2.0,0.0,1.0,189.0,0.0,0.0,2.0,9.0,4.0,185.0,3.0,0.0,3.0,3.0,424.84111642837524,1,2,1,1.0
10665,0.0,11.0,2.0,0.0,1.0,189.0,0.0,0.0,2.0,8.0,4.0,185.0,3.0,0.0,3.0,3.0,424.8578474521637,1,2,1,1.0
10666,0.0,10.0,2.0,0.0,1.0,189.0,0.0,0.0,2.0,8.0,4.0,184.0,3.0,0.0,3.0,3.0,424.8745141029358,1,2,1,1.0
10667,0.0,10.0,2.0,0.0,1.0,189.0,0.0,0.0,2.0,8.0,4.0,183.0,3.0,0.0,3.0,3.0,424.88267183303833,1,2,1,1.0
10671,0.0,11.0,2.0,0.0,1.0,189.0,0.0,0.0,2.0,8.0,4.0,183.0,3.0,0.0,3.0,3.0,424.9153325557709,1,2,1,1.0
10672,0.0,9.0,2.0,0.0,1.0,189.0,0.0,0.0,2.0,8.0,4.0,183.0,3.0,0.0,3.0,3.0,424.93201899528503,1,2,1,1.0
10675,0.0,11.0,2.0,0.0,1.0,190.0,0.0,0.0,2.0,8.0,4.0,183.0,3.0,0.0,3.0,3.0,424.9883453845978,1,2,1,1.0
10676,0.0,11.0,2.0,0.0,1.0,189.0,0.0,0.0,2.0,8.0,4.0,182.0,3.0,0.0,3.0,3.0,424.9965419769287,1,2,1,1.0
10679,0.0,10.0,2.0,0.0,1.0,189.0,0.0,0.0,2.0,8.0,4.0,182.0,3.0,0.0,3.0,3.0,425.06238865852356,1,2,1,1.0
10680,0.0,9.0,2.0,0.0,1.0,189.0,0.0,0.0,2.0,8.0,4.0,182.0,3.0,0.0,3.0,3.0,425.07072472572327,1,2,1,1.0
10681,0.0,10.0,2.0,0.0,1.0,190.0,0.0,0.0,2.0,8.0,4.0,182.0,3.0,0.0,3.0,3.0,425.0789256095886,1,2,1,1.0
10682,0.0,11.0,2.0,0.0,1.0,188.0,0.0,0.0,2.0,8.0,4.0,182.0,3.0,0.0,3.0,3.0,425.11272501945496,1,2,1,1.0
10684,0.0,11.0,2.0,0.0,1.0,188.0,0.0,0.0,2.0,8.0,4.0,183.0,3.0,0.0,3.0,3.0,425.12978959083557,1,2,1,1.0
10685,0.0,11.0,2.0,0.0,1.0,188.0,0.0,0.0,2.0,8.0,4.0,184.0,3.0,0.0,3.0,3.0,425.1382110118866,1,2,1,1.0
10686,0.0,11.0,2.0,0.0,1.0,188.0,0.0,0.0,2.0,8.0,4.0,185.0,3.0,0.0,3.0,3.0,425.14617443084717,1,2,1,1.0
10689,0.0,11.0,2.0,0.0,1.0,188.0,0.0,0.0,2.0,9.0,4.0,185.0,3.0,0.0,3.0,3.0,425.1704795360565,1,2,1,1.0
10691,0.0,10.0,2.0,0.0,1.0,188.0,0.0,0.0,2.0,8.0,4.0,185.0,3.0,0.0,2.0,3.0,425.1956453323364,1,2,1,1.0
10694,0.0,9.0,2.0,0.0,1.0,188.0,0.0,0.0,2.0,8.0,4.0,185.0,3.0,0.0,3.0,3.0,425.2286570072174,1,2,1,1.0
10696,0.0,9.0,2.0,0.0,1.0,188.0,0.0,0.0,2.0,8.0,4.0,185.0,3.0,1.0,3.0,3.0,425.24522495269775,1,2,1,1.0
10698,0.0,8.0,2.0,0.0,1.0,188.0,0.0,0.0,2.0,8.0,4.0,185.0,3.0,0.0,3.0,3.0,425.34790563583374,1,2,1,1.0
10699,0.0,9.0,2.0,0.0,1.0,187.0,0.0,0.0,2.0,8.0,4.0,185.0,3.0,0.0,3.0,3.0,425.3560712337494,1,2,1,1.0
10700,0.0,9.0,2.0,0.0,1.0,189.0,0.0,0.0,2.0,8.0,4.0,185.0,3.0,0.0,3.0,3.0,425.3646640777588,1,2,1,1.0
10701,0.0,8.0,2.0,0.0,1.0,189.0,0.0,0.0,2.0,8.0,4.0,185.0,3.0,0.0,3.0,3.0,425.37285470962524,1,2,1,1.0
10702,0.0,9.0,2.0,0.0,1.0,189.0,0.0,0.0,2.0,8.0,4.0,186.0,3.0,0.0,3.0,3.0,425.38076305389404,1,2,1,1.0
10703,0.0,9.0,2.0,0.0,1.0,189.0,0.0,0.0,2.0,8.0,4.0,187.0,3.0,0.0,3.0,3.0,425.3888669013977,1,2,1,1.0
10704,0.0,9.0,2.0,0.0,1.0,190.0,0.0,0.0,2.0,8.0,4.0,187.0,3.0,0.0,3.0,3.0,425.3973274230957,1,2,1,1.0
10705,0.0,9.0,2.0,0.0,1.0,188.0,0.0,0.0,2.0,8.0,4.0,187.0,3.0,0.0,3.0,3.0,425.4055850505829,1,2,1,1.0
10706,0.0,9.0,2.0,0.0,1.0,189.0,0.0,0.0,2.0,8.0,4.0,188.0,3.0,0.0,3.0,3.0,425.42221212387085,1,2,1,1.0
10709,0.0,9.0,2.0,0.0,1.0,189.0,0.0,0.0,2.0,8.0,4.0,188.0,3.0,1.0,3.0,3.0,425.48010420799255,1,2,1,1.0
10710,0.0,9.0,2.0,0.0,1.0,189.0,0.0,0.0,2.0,8.0,4.0,188.0,4.0,0.0,3.0,3.0,425.48801255226135,1,2,1,1.0
10711,0.0,9.0,2.0,0.0,1.0,189.0,0.0,0.0,2.0,8.0,4.0,188.0,3.0,0.0,2.0,3.0,425.4962077140808,1,2,1,1.0
10712,0.0,9.0,2.0,0.0,1.0,188.0,0.0,0.0,2.0,8.0,4.0,188.0,3.0,0.0,3.0,3.0,425.5047097206116,1,2,1,1.0
10713,0.0,9.0,2.0,0.0,1.0,188.0,0.0,0.0,2.0,7.0,4.0,188.0,3.0,0.0,3.0,3.0,425.51300525665283,1,2,1,1.0
10714,0.0,9.0,2.0,0.0,1.0,188.0,0.0,0.0,2.0,8.0,4.0,189.0,3.0,0.0,3.0,3.0,425.521080493927,1,2,1,1.0
10715,0.0,9.0,2.0,0.0,1.0,188.0,0.0,0.0,2.0,8.0,4.0,189.0,3.0,0.0,2.0,3.0,425.5291826725006,1,2,1,1.0
10716,0.0,9.0,2.0,0.0,1.0,188.0,0.0,0.0,2.0,7.0,4.0,189.0,3.0,0.0,3.0,3.0,425.5374300479889,1,2,1,1.0
10718,0.0,10.0,2.0,0.0,1.0,188.0,0.0,0.0,2.0,8.0,4.0,189.0,3.0,0.0,3.0,3.0,425.5542161464691,1,2,1,1.0
10719,0.0,10.0,2.0,0.0,1.0,188.0,0.0,0.0,2.0,8.0,4.0,188.0,3.0,0.0,3.0,3.0,425.5625247955322,1,2,1,1.0
10721,0.0,11.0,2.0,0.0,1.0,188.0,0.0,0.0,2.0,8.0,4.0,188.0,3.0,0.0,3.0,3.0,425.58758640289307,1,2,1,1.0
10723,0.0,10.0,2.0,0.0,1.0,188.0,0.0,0.0,2.0,8.0,4.0,188.0,3.0,0.0,2.0,3.0,425.6114401817322,1,2,1,1.0
10724,0.0,10.0,2.0,0.0,1.0,188.0,0.0,0.0,2.0,8.0,4.0,187.0,3.0,0.0,3.0,3.0,425.61969685554504,1,2,1,1.0
10727,0.0,10.0,2.0,0.0,1.0,189.0,0.0,0.0,2.0,8.0,4.0,187.0,3.0,0.0,3.0,3.0,425.64452743530273,1,2,1,1.0
10736,0.0,9.0,2.0,0.0,1.0,189.0,0.0,0.0,2.0,8.0,4.0,184.0,3.0,0.0,3.0,3.0,425.96098017692566,1,2,1,1.0
10738,0.0,9.0,2.0,0.0,1.0,189.0,0.0,0.0,2.0,8.0,4.0,182.0,4.0,0.0,3.0,3.0,426.0364556312561,1,2,1,1.0
10739,0.0,9.0,2.0,0.0,1.0,189.0,0.0,0.0,2.0,8.0,4.0,181.0,3.0,0.0,3.0,3.0,426.04481863975525,1,2,1,1.0
10740,0.0,10.0,2.0,0.0,1.0,189.0,0.0,0.0,2.0,8.0,4.0,181.0,3.0,0.0,3.0,3.0,426.0532503128052,1,2,1,1.0
10741,0.0,10.0,2.0,0.0,1.0,189.0,0.0,0.0,2.0,8.0,4.0,180.0,3.0,0.0,3.0,3.0,426.0615484714508,1,2,1,1.0
10743,0.0,10.0,2.0,0.0,1.0,189.0,0.0,0.0,2.0,8.0,4.0,179.0,3.0,0.0,3.0,3.0,426.08665442466736,1,2,1,1.0
10745,0.0,9.0,2.0,0.0,1.0,189.0,0.0,0.0,2.0,8.0,4.0,179.0,3.0,0.0,3.0,3.0,426.1030294895172,1,2,1,1.0
10749,0.0,10.0,2.0,0.0,1.0,189.0,0.0,0.0,2.0,8.0,4.0,182.0,3.0,0.0,2.0,3.0,426.1698751449585,1,2,1,1.0
10751,0.0,11.0,2.0,0.0,1.0,189.0,0.0,0.0,2.0,8.0,4.0,180.0,3.0,0.0,3.0,3.0,426.2196002006531,1,2,1,1.0
10752,0.0,10.0,2.0,0.0,1.0,188.0,0.0,0.0,2.0,8.0,4.0,179.0,3.0,0.0,3.0,3.0,426.23626947402954,1,2,1,1.0
10753,0.0,10.0,2.0,0.0,1.0,188.0,0.0,0.0,2.0,8.0,4.0,180.0,3.0,0.0,3.0,3.0,426.24465346336365,1,2,1,1.0
10754,0.0,9.0,2.0,0.0,1.0,188.0,0.0,0.0,2.0,8.0,4.0,180.0,3.0,0.0,3.0,3.0,426.2529807090759,1,2,1,1.0
10755,0.0,11.0,2.0,0.0,1.0,188.0,0.0,0.0,2.0,8.0,4.0,179.0,3.0,0.0,3.0,3.0,426.2696521282196,1,2,1,1.0
10757,0.0,11.0,2.0,0.0,1.0,188.0,0.0,0.0,2.0,8.0,4.0,180.0,3.0,0.0,3.0,3.0,426.28618693351746,1,2,1,1.0
10759,0.0,10.0,2.0,0.0,1.0,188.0,0.0,0.0,2.0,8.0,4.0,181.0,3.0,0.0,3.0,3.0,426.33600902557373,1,2,1,1.0
10760,0.0,10.0,2.0,0.0,1.0,188.0,0.0,0.0,2.0,8.0,4.0,181.0,3.0,0.0,2.0,3.0,426.34400367736816,1,2,1,1.0
10761,0.0,10.0,2.0,0.0,1.0,188.0,0.0,0.0,2.0,8.0,4.0,182.0,3.0,0.0,3.0,3.0,426.36023902893066,1,2,1,1.0
10766,0.0,10.0,2.0,0.0,1.0,188.0,0.0,0.0,2.0,8.0,4.0,182.0,4.0,0.0,3.0,3.0,426.40963888168335,1,2,1,1.0
10767,0.0,10.0,2.0,0.0,1.0,188.0,0.0,0.0,2.0,7.0,4.0,182.0,3.0,0.0,3.0,3.0,426.4177522659302,1,2,1,1.0
10769,0.0,9.0,2.0,0.0,1.0,188.0,0.0,0.0,2.0,8.0,4.0,182.0,3.0,0.0,3.0,3.0,426.4756999015808,1,2,1,1.0
10770,0.0,11.0,2.0,0.0,1.0,189.0,0.0,0.0,2.0,8.0,4.0,184.0,3.0,0.0,3.0,3.0,426.51788544654846,1,2,1,1.0
10771,0.0,11.0,2.0,0.0,1.0,189.0,0.0,0.0,2.0,8.0,4.0,186.0,3.0,0.0,3.0,3.0,426.5926160812378,1,2,1,1.0
10773,0.0,11.0,2.0,0.0,1.0,190.0,0.0,0.0,2.0,8.0,4.0,185.0,3.0,0.0,3.0,3.0,426.6178979873657,1,2,1,1.0
10775,0.0,11.0,2.0,0.0,1.0,189.0,0.0,0.0,2.0,8.0,4.0,185.0,3.0,0.0,2.0,3.0,426.6346962451935,1,2,1,1.0
10779,0.0,11.0,2.0,0.0,1.0,189.0,0.0,0.0,2.0,9.0,4.0,186.0,3.0,0.0,3.0,3.0,426.87442779541016,1,2,1,1.0
10781,0.0,11.0,2.0,0.0,1.0,189.0,0.0,0.0,2.0,9.0,4.0,185.0,3.0,0.0,3.0,3.0,426.89085245132446,1,2,1,1.0
10784,0.0,10.0,2.0,0.0,1.0,189.0,0.0,0.0,2.0,8.0,4.0,186.0,3.0,0.0,2.0,3.0,426.9882652759552,1,2,1,1.0
10787,0.0,10.0,2.0,0.0,1.0,190.0,0.0,0.0,2.0,8.0,4.0,186.0,3.0,0.0,3.0,3.0,427.0375437736511,1,2,1,1.0
10789,0.0,9.0,2.0,0.0,1.0,190.0,0.0,0.0,2.0,8.0,4.0,186.0,3.0,0.0,3.0,3.0,427.0536458492279,1,2,1,1.0
10790,0.0,10.0,2.0,0.0,1.0,191.0,0.0,0.0,2.0,8.0,4.0,186.0,3.0,0.0,3.0,3.0,427.06998920440674,1,2,1,1.0
10791,0.0,10.0,2.0,0.0,1.0,190.0,0.0,0.0,2.0,8.0,4.0,187.0,3.0,0.0,3.0,3.0,427.0777339935303,1,2,1,1.0
10792,0.0,10.0,2.0,0.0,1.0,190.0,0.0,0.0,2.0,8.0,4.0,188.0,3.0,0.0,3.0,3.0,427.08572697639465,1,2,1,1.0
10793,0.0,9.0,2.0,0.0,1.0,190.0,0.0,0.0,2.0,8.0,4.0,188.0,3.0,0.0,3.0,3.0,427.10168528556824,1,2,1,1.0
10794,0.0,11.0,2.0,0.0,1.0,190.0,0.0,0.0,2.0,8.0,4.0,188.0,3.0,0.0,3.0,3.0,427.1096308231354,1,2,1,1.0
10796,0.0,10.0,2.0,0.0,1.0,190.0,0.0,0.0,2.0,8.0,4.0,187.0,3.0,0.0,2.0,3.0,427.1509325504303,1,2,1,1.0
10799,0.0,10.0,2.0,0.0,1.0,189.0,0.0,0.0,2.0,8.0,4.0,186.0,3.0,1.0,3.0,3.0,427.20916509628296,1,2,1,1.0
10804,0.0,10.0,2.0,0.0,1.0,189.0,0.0,0.0,2.0,9.0,4.0,187.0,3.0,0.0,3.0,3.0,427.3780553340912,1,2,1,1.0
10806,0.0,10.0,2.0,0.0,1.0,189.0,0.0,0.0,2.0,8.0,4.0,188.0,3.0,0.0,3.0,3.0,427.41079592704773,1,2,1,1.0
10808,0.0,10.0,2.0,0.0,1.0,189.0,0.0,0.0,2.0,8.0,4.0,189.0,3.0,0.0,3.0,3.0,427.5211772918701,1,2,1,1.0
10809,0.0,10.0,2.0,0.0,1.0,189.0,0.0,0.0,2.0,8.0,4.0,190.0,3.0,0.0,3.0,3.0,427.5460436344147,1,2,1,1.0
10811,0.0,9.0,2.0,0.0,1.0,189.0,0.0,0.0,2.0,8.0,4.0,190.0,3.0,0.0,3.0,3.0,427.56272411346436,1,2,1,1.0
10813,0.0,8.0,2.0,0.0,1.0,189.0,0.0,0.0,2.0,8.0,4.0,190.0,3.0,0.0,3.0,3.0,427.5874705314636,1,2,1,1.0
10815,0.0,9.0,2.0,0.0,1.0,190.0,0.0,0.0,2.0,8.0,4.0,190.0,3.0,0.0,3.0,3.0,427.61223459243774,1,2,1,1.0
10817,0.0,9.0,2.0,0.0,1.0,190.0,0.0,0.0,2.0,8.0,4.0,191.0,3.0,0.0,3.0,3.0,427.7113513946533,1,2,1,1.0
10819,0.0,9.0,2.0,0.0,1.0,189.0,0.0,0.0,2.0,8.0,4.0,191.0,3.0,0.0,3.0,3.0,427.8184823989868,1,2,1,1.0
10820,0.0,9.0,2.0,0.0,1.0,190.0,0.0,0.0,2.0,9.0,4.0,191.0,3.0,0.0,3.0,3.0,427.82678508758545,1,2,1,1.0
10822,0.0,8.0,2.0,0.0,1.0,190.0,0.0,0.0,2.0,8.0,4.0,190.0,3.0,0.0,3.0,3.0,427.8508014678955,1,2,1,1.0
10824,0.0,9.0,2.0,0.0,1.0,191.0,0.0,0.0,2.0,8.0,4.0,190.0,3.0,0.0,3.0,3.0,427.8668155670166,1,2,1,1.0
10825,0.0,9.0,2.0,0.0,1.0,190.0,0.0,0.0,2.0,9.0,4.0,190.0,3.0,0.0,3.0,3.0,427.88303685188293,1,2,1,1.0
10826,0.0,9.0,2.0,0.0,1.0,190.0,0.0,0.0,2.0,8.0,4.0,189.0,3.0,0.0,3.0,3.0,427.92402958869934,1,2,1,1.0
10827,0.0,9.0,2.0,0.0,1.0,191.0,0.0,0.0,2.0,8.0,4.0,189.0,3.0,0.0,3.0,3.0,427.93223810195923,1,2,1,1.0
10828,0.0,9.0,2.0,0.0,1.0,191.0,0.0,0.0,2.0,8.0,4.0,191.0,3.0,0.0,3.0,3.0,427.98060750961304,1,2,1,1.0
10829,0.0,9.0,2.0,0.0,1.0,190.0,0.0,0.0,2.0,8.0,4.0,191.0,3.0,1.0,3.0,3.0,427.9966993331909,1,2,1,1.0
10830,0.0,10.0,2.0,0.0,1.0,190.0,0.0,0.0,2.0,8.0,4.0,191.0,3.0,0.0,3.0,3.0,428.00502014160156,1,2,1,1.0
10832,0.0,10.0,2.0,0.0,1.0,190.0,0.0,0.0,2.0,8.0,4.0,190.0,3.0,0.0,3.0,3.0,428.0211572647095,1,2,1,1.0
10833,0.0,10.0,2.0,0.0,1.0,191.0,0.0,0.0,2.0,8.0,4.0,190.0,3.0,0.0,3.0,3.0,428.03763461112976,1,2,1,1.0
10835,0.0,10.0,2.0,0.0,1.0,191.0,0.0,0.0,2.0,8.0,4.0,189.0,3.0,0.0,3.0,3.0,428.0538799762726,1,2,1,1.0
10836,0.0,10.0,2.0,0.0,1.0,191.0,0.0,0.0,2.0,8.0,4.0,188.0,3.0,0.0,3.0,3.0,428.0617485046387,1,2,1,1.0
10838,0.0,9.0,2.0,0.0,1.0,191.0,0.0,0.0,2.0,8.0,4.0,188.0,3.0,0.0,3.0,3.0,428.09420680999756,1,2,1,1.0
10841,0.0,10.0,2.0,0.0,1.0,191.0,0.0,0.0,2.0,8.0,4.0,191.0,3.0,0.0,3.0,3.0,428.1763803958893,1,2,1,1.0
10845,0.0,10.0,2.0,0.0,1.0,192.0,0.0,0.0,2.0,8.0,4.0,190.0,3.0,0.0,3.0,3.0,428.2916610240936,1,2,1,1.0
10846,0.0,10.0,2.0,0.0,1.0,191.0,0.0,0.0,2.0,8.0,4.0,187.0,3.0,0.0,3.0,3.0,428.35605335235596,1,2,1,1.0
10849,0.0,9.0,2.0,0.0,1.0,190.0,0.0,0.0,2.0,7.0,4.0,189.0,3.0,0.0,3.0,3.0,428.49157309532166,1,2,1,1.0
10850,0.0,8.0,2.0,0.0,1.0,190.0,0.0,0.0,2.0,8.0,4.0,189.0,3.0,0.0,3.0,3.0,428.49978971481323,1,2,1,1.0
10851,0.0,9.0,2.0,0.0,1.0,189.0,0.0,0.0,2.0,8.0,4.0,189.0,3.0,0.0,3.0,3.0,428.50816082954407,1,2,1,1.0
10857,0.0,9.0,1.0,0.0,1.0,189.0,0.0,0.0,2.0,8.0,4.0,188.0,3.0,0.0,3.0,3.0,428.59300994873047,1,2,1,1.0
10858,0.0,8.0,2.0,0.0,1.0,189.0,0.0,0.0,2.0,8.0,4.0,188.0,3.0,0.0,3.0,3.0,428.60152649879456,1,2,1,1.0
10860,0.0,10.0,2.0,0.0,1.0,190.0,0.0,0.0,2.0,8.0,4.0,189.0,3.0,0.0,3.0,3.0,428.6434061527252,1,2,1,1.0
10862,0.0,10.0,2.0,0.0,1.0,190.0,0.0,0.0,2.0,8.0,4.0,190.0,3.0,0.0,2.0,3.0,428.669269323349,1,2,1,1.0
10871,0.0,10.0,2.0,0.0,1.0,188.0,0.0,0.0,2.0,8.0,4.0,190.0,3.0,0.0,3.0,3.0,428.8951916694641,1,2,1,1.0
10880,0.0,10.0,2.0,0.0,1.0,190.0,0.0,0.0,2.0,9.0,4.0,189.0,3.0,0.0,3.0,3.0,429.06992506980896,1,2,1,1.0
10884,0.0,10.0,2.0,0.0,1.0,190.0,0.0,0.0,2.0,8.0,4.0,189.0,3.0,1.0,3.0,3.0,429.11965703964233,1,2,1,1.0
10885,0.0,10.0,2.0,0.0,1.0,190.0,0.0,0.0,2.0,8.0,4.0,189.0,3.0,0.0,2.0,3.0,429.1280014514923,1,2,1,1.0
10899,0.0,9.0,2.0,0.0,1.0,189.0,0.0,0.0,2.0,7.0,4.0,188.0,3.0,0.0,3.0,3.0,429.8773477077484,1,2,1,1.0
10903,0.0,9.0,2.0,0.0,1.0,189.0,0.0,0.0,2.0,9.0,4.0,188.0,3.0,0.0,3.0,3.0,430.0190100669861,1,2,1,1.0
10910,0.0,9.0,2.0,0.0,1.0,190.0,0.0,0.0,2.0,9.0,4.0,189.0,3.0,0.0,3.0,3.0,430.61099338531494,1,2,1,1.0
10912,0.0,9.0,2.0,0.0,1.0,190.0,0.0,0.0,2.0,7.0,4.0,188.0,3.0,0.0,3.0,3.0,430.66943550109863,1,2,1,1.0
10917,0.0,10.0,2.0,0.0,1.0,190.0,0.0,0.0,2.0,8.0,4.0,185.0,3.0,0.0,3.0,3.0,430.9206931591034,1,2,1,1.0
10918,0.0,10.0,2.0,0.0,1.0,188.0,0.0,0.0,2.0,8.0,4.0,184.0,3.0,0.0,3.0,3.0,430.93743443489075,1,2,1,1.0
10920,0.0,9.0,2.0,0.0,1.0,189.0,0.0,0.0,2.0,9.0,4.0,184.0,3.0,0.0,3.0,3.0,431.00468254089355,1,2,1,1.0
10921,0.0,9.0,2.0,0.0,1.0,189.0,0.0,0.0,2.0,7.0,4.0,184.0,3.0,0.0,3.0,3.0,431.0538549423218,1,2,1,1.0
10922,0.0,9.0,1.0,0.0,1.0,189.0,0.0,0.0,2.0,8.0,4.0,184.0,3.0,0.0,3.0,3.0,431.0621135234833,1,2,1,1.0
10923,0.0,9.0,2.0,0.0,1.0,189.0,0.0,0.0,2.0,7.0,4.0,187.0,3.0,0.0,3.0,3.0,431.1377010345459,1,2,1,1.0
10925,0.0,10.0,2.0,0.0,1.0,189.0,0.0,0.0,2.0,9.0,4.0,188.0,3.0,0.0,3.0,3.0,431.41514801979065,1,2,1,1.0
10926,0.0,10.0,2.0,0.0,1.0,189.0,0.0,0.0,2.0,8.0,4.0,187.0,3.0,1.0,3.0,3.0,431.44885516166687,1,2,1,1.0
10934,0.0,11.0,2.0,0.0,1.0,188.0,0.0,0.0,2.0,9.0,4.0,184.0,3.0,0.0,3.0,3.0,431.8194706439972,1,2,1,1.0
10939,0.0,11.0,2.0,0.0,1.0,187.0,0.0,0.0,2.0,8.0,4.0,185.0,3.0,0.0,3.0,3.0,431.9658670425415,1,2,1,1.0
10943,0.0,10.0,2.0,0.0,1.0,188.0,0.0,0.0,2.0,7.0,4.0,185.0,3.0,0.0,3.0,3.0,432.0247914791107,1,2,1,1.0
10944,0.0,10.0,2.0,0.0,1.0,188.0,0.0,0.0,2.0,8.0,4.0,185.0,4.0,0.0,3.0,3.0,432.0665867328644,1,2,1,1.0
10946,0.0,10.0,2.0,0.0,1.0,188.0,0.0,0.0,2.0,8.0,4.0,186.0,3.0,0.0,3.0,3.0,432.23931908607483,1,2,1,1.0
10949,0.0,10.0,2.0,0.0,1.0,188.0,0.0,0.0,2.0,8.0,4.0,186.0,3.0,1.0,3.0,3.0,432.27240085601807,1,2,1,1.0
10950,0.0,8.0,2.0,0.0,1.0,188.0,0.0,0.0,2.0,8.0,4.0,184.0,3.0,0.0,3.0,3.0,432.3060257434845,1,2,1,1.0
10951,0.0,8.0,2.0,0.0,1.0,188.0,0.0,0.0,2.0,8.0,4.0,183.0,3.0,0.0,3.0,3.0,432.31457710266113,1,2,1,1.0
10952,0.0,8.0,2.0,0.0,1.0,188.0,0.0,0.0,2.0,9.0,4.0,185.0,3.0,0.0,3.0,3.0,432.33143043518066,1,2,1,1.0
10953,0.0,8.0,2.0,1.0,1.0,188.0,0.0,0.0,2.0,9.0,4.0,185.0,3.0,0.0,3.0,3.0,432.3484170436859,1,2,1,1.0
10954,0.0,8.0,2.0,0.0,1.0,189.0,0.0,0.0,2.0,9.0,4.0,185.0,3.0,0.0,3.0,3.0,432.3564624786377,1,2,1,1.0
10956,0.0,7.0,2.0,0.0,1.0,188.0,0.0,0.0,2.0,9.0,4.0,185.0,3.0,0.0,3.0,3.0,432.37386322021484,1,2,1,1.0
10957,0.0,8.0,2.0,0.0,1.0,188.0,0.0,0.0,2.0,9.0,4.0,184.0,3.0,0.0,3.0,3.0,432.3822605609894,1,2,1,1.0
10958,0.0,8.0,2.0,0.0,1.0,188.0,0.0,0.0,2.0,9.0,4.0,183.0,3.0,0.0,3.0,3.0,432.3909628391266,1,2,1,1.0
10959,0.0,8.0,2.0,0.0,1.0,188.0,0.0,0.0,2.0,7.0,4.0,185.0,3.0,0.0,3.0,3.0,432.45060443878174,1,2,1,1.0
10960,0.0,7.0,2.0,0.0,1.0,188.0,0.0,0.0,2.0,7.0,4.0,185.0,3.0,0.0,3.0,3.0,432.4590837955475,1,2,1,1.0
10961,0.0,8.0,2.0,0.0,1.0,188.0,0.0,0.0,2.0,7.0,4.0,186.0,3.0,0.0,3.0,3.0,432.46781873703003,1,2,1,1.0
10963,0.0,7.0,2.0,0.0,1.0,188.0,0.0,0.0,2.0,7.0,4.0,186.0,3.0,0.0,3.0,3.0,432.502473115921,1,2,1,1.0
10964,0.0,9.0,2.0,0.0,1.0,188.0,0.0,0.0,2.0,7.0,4.0,186.0,3.0,0.0,3.0,3.0,432.51931858062744,1,2,1,1.0
10968,0.0,8.0,2.0,0.0,1.0,188.0,0.0,0.0,2.0,7.0,4.0,187.0,3.0,0.0,3.0,3.0,432.5623502731323,1,2,1,1.0
10970,0.0,8.0,2.0,0.0,1.0,187.0,0.0,0.0,2.0,7.0,4.0,187.0,3.0,0.0,3.0,3.0,432.57895851135254,1,2,1,1.0
10971,0.0,8.0,2.0,0.0,1.0,187.0,0.0,0.0,2.0,7.0,4.0,188.0,3.0,0.0,3.0,3.0,432.5873050689697,1,2,1,1.0
10972,0.0,8.0,2.0,0.0,1.0,186.0,0.0,0.0,2.0,7.0,4.0,188.0,3.0,0.0,3.0,3.0,432.5957725048065,1,2,1,1.0
10974,0.0,9.0,2.0,0.0,1.0,186.0,0.0,0.0,2.0,7.0,4.0,188.0,3.0,0.0,3.0,3.0,432.6124997138977,1,2,1,1.0
10976,0.0,10.0,2.0,0.0,1.0,186.0,0.0,0.0,2.0,7.0,4.0,188.0,3.0,0.0,3.0,3.0,432.65379309654236,1,2,1,1.0
10977,0.0,9.0,2.0,0.0,1.0,187.0,0.0,0.0,2.0,7.0,4.0,188.0,3.0,0.0,3.0,3.0,432.66204500198364,1,2,1,1.0
10979,0.0,9.0,2.0,0.0,1.0,187.0,0.0,0.0,2.0,7.0,4.0,187.0,3.0,0.0,3.0,3.0,432.68762826919556,1,2,1,1.0
10981,0.0,9.0,2.0,0.0,1.0,186.0,0.0,0.0,2.0,7.0,4.0,189.0,3.0,0.0,3.0,3.0,432.74697947502136,1,2,1,1.0
10982,0.0,9.0,2.0,0.0,1.0,186.0,0.0,0.0,2.0,7.0,4.0,187.0,3.0,0.0,3.0,3.0,432.7555191516876,1,2,1,1.0
10984,0.0,9.0,2.0,0.0,1.0,186.0,0.0,0.0,2.0,8.0,4.0,187.0,3.0,0.0,3.0,3.0,432.7806484699249,1,2,1,1.0
10988,0.0,9.0,2.0,0.0,1.0,185.0,0.0,0.0,2.0,7.0,4.0,187.0,3.0,0.0,3.0,3.0,432.8219542503357,1,2,1,1.0
10989,0.0,10.0,2.0,0.0,1.0,185.0,0.0,0.0,2.0,7.0,4.0,187.0,3.0,0.0,3.0,3.0,432.83039903640747,1,2,1,1.0
10992,0.0,8.0,2.0,0.0,1.0,185.0,0.0,0.0,2.0,7.0,4.0,187.0,3.0,0.0,3.0,3.0,432.8549528121948,1,2,1,1.0
10996,0.0,9.0,2.0,0.0,1.0,185.0,0.0,0.0,2.0,8.0,4.0,187.0,3.0,0.0,3.0,3.0,432.9041337966919,1,2,1,1.0
10997,0.0,9.0,2.0,0.0,1.0,185.0,0.0,0.0,2.0,7.0,4.0,188.0,3.0,0.0,3.0,3.0,432.91233468055725,1,2,1,1.0
11002,0.0,9.0,2.0,0.0,1.0,185.0,0.0,0.0,2.0,7.0,4.0,187.0,3.0,0.0,2.0,3.0,433.0129270553589,1,2,1,1.0
11003,0.0,9.0,2.0,0.0,1.0,184.0,0.0,0.0,2.0,7.0,4.0,187.0,3.0,0.0,3.0,3.0,433.02109456062317,1,2,1,1.0
11009,0.0,9.0,2.0,0.0,1.0,186.0,0.0,0.0,2.0,7.0,4.0,187.0,3.0,0.0,2.0,3.0,433.2922034263611,1,2,1,1.0
11011,0.0,9.0,2.0,0.0,1.0,186.0,0.0,0.0,2.0,7.0,4.0,187.0,3.0,1.0,3.0,3.0,433.3428897857666,1,2,1,1.0
11014,0.0,10.0,2.0,0.0,1.0,186.0,0.0,0.0,2.0,7.0,4.0,187.0,3.0,0.0,3.0,3.0,433.4809937477112,1,2,1,1.0
11015,0.0,8.0,2.0,0.0,1.0,186.0,0.0,0.0,2.0,7.0,4.0,187.0,3.0,0.0,3.0,3.0,433.4891724586487,1,2,1,1.0
11016,0.0,9.0,2.0,0.0,1.0,186.0,0.0,0.0,2.0,7.0,4.0,186.0,3.0,0.0,3.0,3.0,433.49752044677734,1,2,1,1.0
11018,0.0,9.0,2.0,0.0,1.0,187.0,0.0,0.0,2.0,7.0,4.0,186.0,3.0,0.0,3.0,3.0,433.5317475795746,1,2,1,1.0
11019,0.0,8.0,2.0,0.0,1.0,186.0,0.0,0.0,2.0,7.0,4.0,186.0,3.0,0.0,3.0,3.0,433.540402173996,1,2,1,1.0
11020,0.0,8.0,2.0,0.0,1.0,185.0,0.0,0.0,2.0,7.0,4.0,186.0,3.0,0.0,3.0,3.0,433.5488529205322,1,2,1,1.0
11631,0.0,3.0,1.0,0.0,1.0,220.0,1.0,0.0,2.0,8.0,2.0,186.0,3.0,2.0,4.0,3.0,448.2473111152649,1,2,1,1.0
11632,0.0,3.0,1.0,0.0,1.0,221.0,1.0,0.0,2.0,8.0,2.0,186.0,3.0,2.0,4.0,3.0,448.2555150985718,1,2,1,1.0
11633,0.0,3.0,1.0,0.0,1.0,222.0,1.0,0.0,2.0,8.0,2.0,186.0,3.0,2.0,4.0,3.0,448.2636721134186,1,2,1,1.0
11634,0.0,3.0,1.0,0.0,1.0,223.0,1.0,0.0,2.0,8.0,2.0,186.0,3.0,2.0,4.0,3.0,448.27182960510254,1,2,1,1.0
11635,0.0,3.0,1.0,0.0,1.0,224.0,1.0,0.0,2.0,8.0,2.0,186.0,3.0,2.0,4.0,3.0,448.2968759536743,1,2,1,1.0
11636,0.0,3.0,1.0,0.0,1.0,225.0,1.0,0.0,2.0,8.0,2.0,186.0,3.0,2.0,4.0,3.0,448.3225483894348,1,2,1,1.0
