0.0,1.0,422013.0,11.0,0.0,10.0,1.0,0.0,0.0,0.0,3683.0,40.0,39.0,1.7359504699707031
0.0,1.0,422013.0,11.0,0.0,10.0,1.0,1.0,0.0,0.0,3683.0,40.0,39.0,1.7359504699707031
0.0,1.0,422013.0,11.0,0.0,10.0,1.0,2.0,0.0,0.0,3683.0,40.0,39.0,1.7359504699707031
0.0,1.0,422013.0,11.0,0.0,10.0,1.0,3.0,0.0,0.0,3683.0,40.0,39.0,1.7359504699707031
0.0,1.0,422013.0,11.0,0.0,10.0,1.0,4.0,0.0,0.0,3683.0,40.0,39.0,1.7359504699707031
0.0,0.0,99987.0,11.0,0.0,10.0,1.0,0.0,0.0,0.0,974.0,40.0,39.0,3.401066303253174
0.0,0.0,99987.0,11.0,0.0,10.0,1.0,1.0,0.0,0.0,974.0,40.0,39.0,3.401066303253174
0.0,0.0,99987.0,11.0,0.0,10.0,1.0,2.0,0.0,0.0,974.0,40.0,39.0,3.401066303253174
0.0,0.0,99987.0,11.0,0.0,10.0,1.0,3.0,0.0,0.0,974.0,40.0,39.0,3.401066303253174
0.0,0.0,99987.0,11.0,0.0,10.0,1.0,4.0,0.0,0.0,974.0,40.0,39.0,3.401066303253174
0.0,0.0,99987.0,11.0,0.0,10.0,1.0,0.0,0.0,0.0,973.0,40.0,39.0,11.759396076202393
0.0,0.0,99987.0,11.0,0.0,10.0,1.0,1.0,0.0,0.0,973.0,40.0,39.0,11.759396076202393
0.0,0.0,99987.0,11.0,0.0,10.0,1.0,2.0,0.0,0.0,973.0,40.0,39.0,11.759396076202393
0.0,0.0,99987.0,11.0,0.0,10.0,1.0,3.0,0.0,0.0,973.0,40.0,39.0,11.759396076202393
0.0,0.0,99987.0,11.0,0.0,10.0,1.0,4.0,0.0,0.0,973.0,40.0,39.0,11.759396076202393
0.0,0.0,99987.0,10.0,0.0,10.0,1.0,0.0,0.0,0.0,973.0,40.0,39.0,15.14550232887268
0.0,0.0,99987.0,10.0,0.0,10.0,1.0,1.0,0.0,0.0,973.0,40.0,39.0,15.14550232887268
0.0,0.0,99987.0,10.0,0.0,10.0,1.0,2.0,0.0,0.0,973.0,40.0,39.0,15.14550232887268
0.0,0.0,99987.0,10.0,0.0,10.0,1.0,3.0,0.0,0.0,973.0,40.0,39.0,15.14550232887268
0.0,0.0,99987.0,10.0,0.0,10.0,1.0,4.0,0.0,0.0,973.0,40.0,39.0,15.14550232887268
0.0,0.0,99987.0,11.0,0.0,10.0,1.0,0.0,0.0,0.0,973.0,41.0,39.0,18.687909603118896
0.0,0.0,99987.0,11.0,0.0,10.0,1.0,1.0,0.0,0.0,973.0,41.0,39.0,18.687909603118896
0.0,0.0,99987.0,11.0,0.0,10.0,1.0,2.0,0.0,0.0,973.0,41.0,39.0,18.687909603118896
0.0,0.0,99987.0,11.0,0.0,10.0,1.0,3.0,0.0,0.0,973.0,41.0,39.0,18.687909603118896
0.0,0.0,99987.0,11.0,0.0,10.0,1.0,4.0,0.0,0.0,973.0,41.0,39.0,18.687909603118896
0.0,4.0,122066.0,4.0,2.0,8.0,0.0,0.0,1.0,0.0,2603.0,40.0,12.0,20.414785385131836
0.0,4.0,122066.0,4.0,2.0,8.0,0.0,1.0,1.0,0.0,2603.0,40.0,12.0,20.414785385131836
0.0,4.0,122066.0,4.0,2.0,8.0,0.0,2.0,1.0,0.0,2603.0,40.0,12.0,20.414785385131836
0.0,4.0,122066.0,4.0,2.0,8.0,0.0,3.0,1.0,0.0,2603.0,40.0,12.0,20.414785385131836
0.0,4.0,122066.0,4.0,2.0,8.0,0.0,4.0,1.0,0.0,2603.0,40.0,12.0,20.414785385131836
0.0,4.0,99987.0,4.0,2.0,8.0,0.0,0.0,1.0,0.0,974.0,40.0,12.0,22.170239448547363
0.0,4.0,99987.0,4.0,2.0,8.0,0.0,1.0,1.0,0.0,974.0,40.0,12.0,22.170239448547363
0.0,4.0,99987.0,4.0,2.0,8.0,0.0,2.0,1.0,0.0,974.0,40.0,12.0,22.170239448547363
0.0,4.0,99987.0,4.0,2.0,8.0,0.0,3.0,1.0,0.0,974.0,40.0,12.0,22.170239448547363
0.0,4.0,99987.0,4.0,2.0,8.0,0.0,4.0,1.0,0.0,974.0,40.0,12.0,22.170239448547363
0.0,4.0,99987.0,4.0,1.0,8.0,0.0,0.0,1.0,0.0,974.0,40.0,12.0,24.13917350769043
0.0,4.0,99987.0,4.0,1.0,8.0,0.0,1.0,1.0,0.0,974.0,40.0,12.0,24.13917350769043
0.0,4.0,99987.0,4.0,1.0,8.0,0.0,2.0,1.0,0.0,974.0,40.0,12.0,24.13917350769043
0.0,4.0,99987.0,4.0,1.0,8.0,0.0,3.0,1.0,0.0,974.0,40.0,12.0,24.13917350769043
0.0,4.0,99987.0,4.0,1.0,8.0,0.0,4.0,1.0,0.0,974.0,40.0,12.0,24.13917350769043
0.0,4.0,99987.0,4.0,1.0,7.0,0.0,0.0,1.0,0.0,974.0,40.0,12.0,29.37231469154358
0.0,4.0,99987.0,4.0,1.0,7.0,0.0,1.0,1.0,0.0,974.0,40.0,12.0,29.37231469154358
0.0,4.0,99987.0,4.0,1.0,7.0,0.0,2.0,1.0,0.0,974.0,40.0,12.0,29.37231469154358
0.0,4.0,99987.0,4.0,1.0,7.0,0.0,3.0,1.0,0.0,974.0,40.0,12.0,29.37231469154358
0.0,4.0,99987.0,4.0,1.0,7.0,0.0,4.0,1.0,0.0,974.0,40.0,12.0,29.37231469154358
0.0,5.0,99987.0,4.0,1.0,7.0,0.0,0.0,1.0,0.0,974.0,40.0,12.0,31.253283500671387
0.0,5.0,99987.0,4.0,1.0,7.0,0.0,1.0,1.0,0.0,974.0,40.0,12.0,31.253283500671387
0.0,5.0,99987.0,4.0,1.0,7.0,0.0,2.0,1.0,0.0,974.0,40.0,12.0,31.253283500671387
0.0,5.0,99987.0,4.0,1.0,7.0,0.0,3.0,1.0,0.0,974.0,40.0,12.0,31.253283500671387
0.0,5.0,99987.0,4.0,1.0,7.0,0.0,4.0,1.0,0.0,974.0,40.0,12.0,31.253283500671387
0.0,4.0,99987.0,4.0,0.0,7.0,0.0,0.0,1.0,0.0,974.0,40.0,12.0,36.50724530220032
0.0,4.0,99987.0,4.0,0.0,7.0,0.0,1.0,1.0,0.0,974.0,40.0,12.0,36.50724530220032
0.0,4.0,99987.0,4.0,0.0,7.0,0.0,2.0,1.0,0.0,974.0,40.0,12.0,36.50724530220032
0.0,4.0,99987.0,4.0,0.0,7.0,0.0,3.0,1.0,0.0,974.0,40.0,12.0,36.50724530220032
0.0,4.0,99987.0,4.0,0.0,7.0,0.0,4.0,1.0,0.0,974.0,40.0,12.0,36.50724530220032
0.0,0.0,77053.0,11.0,6.0,0.0,1.0,0.0,0.0,0.0,4356.0,40.0,39.0,39.76106309890747
0.0,0.0,77053.0,11.0,6.0,0.0,1.0,1.0,0.0,0.0,4356.0,40.0,39.0,39.76106309890747
0.0,0.0,77053.0,11.0,6.0,0.0,1.0,2.0,0.0,0.0,4356.0,40.0,39.0,39.76106309890747
0.0,0.0,77053.0,11.0,6.0,0.0,1.0,3.0,0.0,0.0,4356.0,40.0,39.0,39.76106309890747
0.0,0.0,77053.0,11.0,6.0,0.0,1.0,4.0,0.0,0.0,4356.0,40.0,39.0,39.76106309890747
0.0,0.0,99987.0,12.0,6.0,0.0,1.0,0.0,0.0,0.0,974.0,40.0,39.0,41.453155517578125
0.0,0.0,99987.0,12.0,6.0,0.0,1.0,1.0,0.0,0.0,974.0,40.0,39.0,41.453155517578125
0.0,0.0,99987.0,12.0,6.0,0.0,1.0,2.0,0.0,0.0,974.0,40.0,39.0,41.453155517578125
0.0,0.0,99987.0,12.0,6.0,0.0,1.0,3.0,0.0,0.0,974.0,40.0,39.0,41.453155517578125
0.0,0.0,99987.0,12.0,6.0,0.0,1.0,4.0,0.0,0.0,974.0,40.0,39.0,41.453155517578125
0.0,0.0,99987.0,12.0,6.0,0.0,1.0,0.0,0.0,0.0,974.0,41.0,39.0,43.33622932434082
0.0,0.0,99987.0,12.0,6.0,0.0,1.0,1.0,0.0,0.0,974.0,41.0,39.0,43.33622932434082
0.0,0.0,99987.0,12.0,6.0,0.0,1.0,2.0,0.0,0.0,974.0,41.0,39.0,43.33622932434082
0.0,0.0,99987.0,12.0,6.0,0.0,1.0,3.0,0.0,0.0,974.0,41.0,39.0,43.33622932434082
0.0,0.0,99987.0,12.0,6.0,0.0,1.0,4.0,0.0,0.0,974.0,41.0,39.0,43.33622932434082
0.0,0.0,99987.0,12.0,5.0,0.0,1.0,0.0,0.0,0.0,974.0,41.0,39.0,48.25981330871582
0.0,0.0,99987.0,12.0,5.0,0.0,1.0,1.0,0.0,0.0,974.0,41.0,39.0,48.25981330871582
0.0,0.0,99987.0,12.0,5.0,0.0,1.0,2.0,0.0,0.0,974.0,41.0,39.0,48.25981330871582
0.0,0.0,99987.0,12.0,5.0,0.0,1.0,3.0,0.0,0.0,974.0,41.0,39.0,48.25981330871582
0.0,0.0,99987.0,12.0,5.0,0.0,1.0,4.0,0.0,0.0,974.0,41.0,39.0,48.25981330871582
0.0,0.0,99987.0,12.0,5.0,0.0,1.0,0.0,0.0,0.0,974.0,40.0,39.0,50.102139949798584
0.0,0.0,99987.0,12.0,5.0,0.0,1.0,1.0,0.0,0.0,974.0,40.0,39.0,50.102139949798584
0.0,0.0,99987.0,12.0,5.0,0.0,1.0,2.0,0.0,0.0,974.0,40.0,39.0,50.102139949798584
0.0,0.0,99987.0,12.0,5.0,0.0,1.0,3.0,0.0,0.0,974.0,40.0,39.0,50.102139949798584
0.0,0.0,99987.0,12.0,5.0,0.0,1.0,4.0,0.0,0.0,974.0,40.0,39.0,50.102139949798584
0.0,0.0,99987.0,12.0,5.0,0.0,1.0,0.0,0.0,1.0,974.0,40.0,39.0,51.749311447143555
0.0,0.0,99987.0,12.0,5.0,0.0,1.0,1.0,0.0,1.0,974.0,40.0,39.0,51.749311447143555
0.0,0.0,99987.0,12.0,5.0,0.0,1.0,2.0,0.0,1.0,974.0,40.0,39.0,51.749311447143555
0.0,0.0,99987.0,12.0,5.0,0.0,1.0,3.0,0.0,1.0,974.0,40.0,39.0,51.749311447143555
0.0,0.0,99987.0,12.0,5.0,0.0,1.0,4.0,0.0,1.0,974.0,40.0,39.0,51.749311447143555
0.0,0.0,99987.0,12.0,5.0,0.0,1.0,0.0,0.0,1.0,974.0,39.0,39.0,55.02617883682251
0.0,0.0,99987.0,12.0,5.0,0.0,1.0,1.0,0.0,1.0,974.0,39.0,39.0,55.02617883682251
0.0,0.0,99987.0,12.0,5.0,0.0,1.0,2.0,0.0,1.0,974.0,39.0,39.0,55.02617883682251
0.0,0.0,99987.0,12.0,5.0,0.0,1.0,3.0,0.0,1.0,974.0,39.0,39.0,55.02617883682251
0.0,0.0,99987.0,12.0,5.0,0.0,1.0,4.0,0.0,1.0,974.0,39.0,39.0,55.02617883682251
0.0,0.0,172175.0,10.0,4.0,0.0,1.0,0.0,1.0,0.0,2824.0,40.0,39.0,58.32653856277466
0.0,0.0,172175.0,10.0,4.0,0.0,1.0,1.0,1.0,0.0,2824.0,40.0,39.0,58.32653856277466
0.0,0.0,172175.0,10.0,4.0,0.0,1.0,2.0,1.0,0.0,2824.0,40.0,39.0,58.32653856277466
0.0,0.0,172175.0,10.0,4.0,0.0,1.0,3.0,1.0,0.0,2824.0,40.0,39.0,58.32653856277466
0.0,0.0,172175.0,10.0,4.0,0.0,1.0,4.0,1.0,0.0,2824.0,40.0,39.0,58.32653856277466
0.0,0.0,99987.0,10.0,4.0,0.0,1.0,0.0,1.0,0.0,974.0,39.0,39.0,60.235897064208984
0.0,0.0,99987.0,10.0,4.0,0.0,1.0,1.0,1.0,0.0,974.0,39.0,39.0,60.235897064208984
0.0,0.0,99987.0,10.0,4.0,0.0,1.0,2.0,1.0,0.0,974.0,39.0,39.0,60.235897064208984
0.0,0.0,99987.0,10.0,4.0,0.0,1.0,3.0,1.0,0.0,974.0,39.0,39.0,60.235897064208984
0.0,0.0,99987.0,10.0,4.0,0.0,1.0,4.0,1.0,0.0,974.0,39.0,39.0,60.235897064208984
0.0,0.0,99987.0,10.0,3.0,0.0,1.0,0.0,1.0,0.0,974.0,39.0,39.0,63.67496371269226
0.0,0.0,99987.0,10.0,3.0,0.0,1.0,1.0,1.0,0.0,974.0,39.0,39.0,63.67496371269226
0.0,0.0,99987.0,10.0,3.0,0.0,1.0,2.0,1.0,0.0,974.0,39.0,39.0,63.67496371269226
0.0,0.0,99987.0,10.0,3.0,0.0,1.0,3.0,1.0,0.0,974.0,39.0,39.0,63.67496371269226
0.0,0.0,99987.0,10.0,3.0,0.0,1.0,4.0,1.0,0.0,974.0,39.0,39.0,63.67496371269226
0.0,0.0,99987.0,10.0,3.0,0.0,1.0,0.0,1.0,1.0,974.0,39.0,39.0,74.28189897537231
0.0,0.0,99987.0,10.0,3.0,0.0,1.0,1.0,1.0,1.0,974.0,39.0,39.0,74.28189897537231
0.0,0.0,99987.0,10.0,3.0,0.0,1.0,2.0,1.0,1.0,974.0,39.0,39.0,74.28189897537231
0.0,0.0,99987.0,10.0,3.0,0.0,1.0,3.0,1.0,1.0,974.0,39.0,39.0,74.28189897537231
0.0,0.0,99987.0,10.0,3.0,0.0,1.0,4.0,1.0,1.0,974.0,39.0,39.0,74.28189897537231
0.0,0.0,99987.0,10.0,3.0,0.0,1.0,0.0,0.0,1.0,974.0,39.0,39.0,83.11908411979675
0.0,0.0,99987.0,10.0,3.0,0.0,1.0,1.0,0.0,1.0,974.0,39.0,39.0,83.11908411979675
0.0,0.0,99987.0,10.0,3.0,0.0,1.0,2.0,0.0,1.0,974.0,39.0,39.0,83.11908411979675
0.0,0.0,99987.0,10.0,3.0,0.0,1.0,3.0,0.0,1.0,974.0,39.0,39.0,83.11908411979675
0.0,0.0,99987.0,10.0,3.0,0.0,1.0,4.0,0.0,1.0,974.0,39.0,39.0,83.11908411979675
1.0,0.0,99987.0,10.0,3.0,0.0,1.0,0.0,1.0,1.0,974.0,39.0,39.0,88.29807376861572
1.0,0.0,99987.0,10.0,3.0,0.0,1.0,1.0,1.0,1.0,974.0,39.0,39.0,88.29807376861572
1.0,0.0,99987.0,10.0,3.0,0.0,1.0,2.0,1.0,1.0,974.0,39.0,39.0,88.29807376861572
1.0,0.0,99987.0,10.0,3.0,0.0,1.0,3.0,1.0,1.0,974.0,39.0,39.0,88.29807376861572
1.0,0.0,99987.0,10.0,3.0,0.0,1.0,4.0,1.0,1.0,974.0,39.0,39.0,88.29807376861572
1.0,0.0,99987.0,10.0,3.0,0.0,1.0,0.0,1.0,2.0,974.0,39.0,39.0,89.99052429199219
1.0,0.0,99987.0,10.0,3.0,0.0,1.0,1.0,1.0,2.0,974.0,39.0,39.0,89.99052429199219
1.0,0.0,99987.0,10.0,3.0,0.0,1.0,2.0,1.0,2.0,974.0,39.0,39.0,89.99052429199219
1.0,0.0,99987.0,10.0,3.0,0.0,1.0,3.0,1.0,2.0,974.0,39.0,39.0,89.99052429199219
1.0,0.0,99987.0,10.0,3.0,0.0,1.0,4.0,1.0,2.0,974.0,39.0,39.0,89.99052429199219
0.0,4.0,172274.0,10.0,0.0,10.0,4.0,0.0,0.0,0.0,3004.0,35.0,39.0,91.64350152015686
0.0,4.0,172274.0,10.0,0.0,10.0,4.0,1.0,0.0,0.0,3004.0,35.0,39.0,91.64350152015686
0.0,4.0,172274.0,10.0,0.0,10.0,4.0,2.0,0.0,0.0,3004.0,35.0,39.0,91.64350152015686
0.0,4.0,172274.0,10.0,0.0,10.0,4.0,3.0,0.0,0.0,3004.0,35.0,39.0,91.64350152015686
0.0,4.0,172274.0,10.0,0.0,10.0,4.0,4.0,0.0,0.0,3004.0,35.0,39.0,91.64350152015686
0.0,4.0,99987.0,10.0,0.0,11.0,4.0,0.0,0.0,0.0,974.0,35.0,39.0,93.58079504966736
0.0,4.0,99987.0,10.0,0.0,11.0,4.0,1.0,0.0,0.0,974.0,35.0,39.0,93.58079504966736
0.0,4.0,99987.0,10.0,0.0,11.0,4.0,2.0,0.0,0.0,974.0,35.0,39.0,93.58079504966736
0.0,4.0,99987.0,10.0,0.0,11.0,4.0,3.0,0.0,0.0,974.0,35.0,39.0,93.58079504966736
0.0,4.0,99987.0,10.0,0.0,11.0,4.0,4.0,0.0,0.0,974.0,35.0,39.0,93.58079504966736
0.0,4.0,99987.0,10.0,0.0,11.0,4.0,0.0,0.0,0.0,974.0,34.0,39.0,96.91941213607788
0.0,4.0,99987.0,10.0,0.0,11.0,4.0,1.0,0.0,0.0,974.0,34.0,39.0,96.91941213607788
0.0,4.0,99987.0,10.0,0.0,11.0,4.0,2.0,0.0,0.0,974.0,34.0,39.0,96.91941213607788
0.0,4.0,99987.0,10.0,0.0,11.0,4.0,3.0,0.0,0.0,974.0,34.0,39.0,96.91941213607788
0.0,4.0,99987.0,10.0,0.0,11.0,4.0,4.0,0.0,0.0,974.0,34.0,39.0,96.91941213607788
0.0,4.0,99987.0,10.0,0.0,11.0,4.0,0.0,0.0,0.0,974.0,33.0,39.0,100.60438013076782
0.0,4.0,99987.0,10.0,0.0,11.0,4.0,1.0,0.0,0.0,974.0,33.0,39.0,100.60438013076782
0.0,4.0,99987.0,10.0,0.0,11.0,4.0,2.0,0.0,0.0,974.0,33.0,39.0,100.60438013076782
0.0,4.0,99987.0,10.0,0.0,11.0,4.0,3.0,0.0,0.0,974.0,33.0,39.0,100.60438013076782
0.0,4.0,99987.0,10.0,0.0,11.0,4.0,4.0,0.0,0.0,974.0,33.0,39.0,100.60438013076782
0.0,4.0,99987.0,10.0,0.0,12.0,4.0,0.0,0.0,0.0,974.0,33.0,39.0,102.2902307510376
0.0,4.0,99987.0,10.0,0.0,12.0,4.0,1.0,0.0,0.0,974.0,33.0,39.0,102.2902307510376
0.0,4.0,99987.0,10.0,0.0,12.0,4.0,2.0,0.0,0.0,974.0,33.0,39.0,102.2902307510376
0.0,4.0,99987.0,10.0,0.0,12.0,4.0,3.0,0.0,0.0,974.0,33.0,39.0,102.2902307510376
0.0,4.0,99987.0,10.0,0.0,12.0,4.0,4.0,0.0,0.0,974.0,33.0,39.0,102.2902307510376
0.0,4.0,99987.0,10.0,0.0,12.0,4.0,0.0,0.0,0.0,974.0,32.0,39.0,103.90273666381836
0.0,4.0,99987.0,10.0,0.0,12.0,4.0,1.0,0.0,0.0,974.0,32.0,39.0,103.90273666381836
0.0,4.0,99987.0,10.0,0.0,12.0,4.0,2.0,0.0,0.0,974.0,32.0,39.0,103.90273666381836
0.0,4.0,99987.0,10.0,0.0,12.0,4.0,3.0,0.0,0.0,974.0,32.0,39.0,103.90273666381836
0.0,4.0,99987.0,10.0,0.0,12.0,4.0,4.0,0.0,0.0,974.0,32.0,39.0,103.90273666381836
0.0,4.0,99987.0,10.0,0.0,12.0,4.0,0.0,0.0,1.0,974.0,32.0,39.0,105.53457975387573
0.0,4.0,99987.0,10.0,0.0,12.0,4.0,1.0,0.0,1.0,974.0,32.0,39.0,105.53457975387573
0.0,4.0,99987.0,10.0,0.0,12.0,4.0,2.0,0.0,1.0,974.0,32.0,39.0,105.53457975387573
0.0,4.0,99987.0,10.0,0.0,12.0,4.0,3.0,0.0,1.0,974.0,32.0,39.0,105.53457975387573
0.0,4.0,99987.0,10.0,0.0,12.0,4.0,4.0,0.0,1.0,974.0,32.0,39.0,105.53457975387573
0.0,4.0,99987.0,10.0,0.0,11.0,4.0,0.0,0.0,1.0,974.0,32.0,39.0,107.44505667686462
0.0,4.0,99987.0,10.0,0.0,11.0,4.0,1.0,0.0,1.0,974.0,32.0,39.0,107.44505667686462
0.0,4.0,99987.0,10.0,0.0,11.0,4.0,2.0,0.0,1.0,974.0,32.0,39.0,107.44505667686462
0.0,4.0,99987.0,10.0,0.0,11.0,4.0,3.0,0.0,1.0,974.0,32.0,39.0,107.44505667686462
0.0,4.0,99987.0,10.0,0.0,11.0,4.0,4.0,0.0,1.0,974.0,32.0,39.0,107.44505667686462
0.0,5.0,121441.0,1.0,4.0,4.0,2.0,0.0,1.0,0.0,2444.0,40.0,39.0,112.82204103469849
0.0,5.0,121441.0,1.0,4.0,4.0,2.0,1.0,1.0,0.0,2444.0,40.0,39.0,112.82204103469849
0.0,5.0,121441.0,1.0,4.0,4.0,2.0,2.0,1.0,0.0,2444.0,40.0,39.0,112.82204103469849
0.0,5.0,121441.0,1.0,4.0,4.0,2.0,3.0,1.0,0.0,2444.0,40.0,39.0,112.82204103469849
0.0,5.0,121441.0,1.0,4.0,4.0,2.0,4.0,1.0,0.0,2444.0,40.0,39.0,112.82204103469849
0.0,5.0,99987.0,1.0,4.0,4.0,2.0,0.0,1.0,0.0,974.0,41.0,39.0,117.20094895362854
0.0,5.0,99987.0,1.0,4.0,4.0,2.0,1.0,1.0,0.0,974.0,41.0,39.0,117.20094895362854
0.0,5.0,99987.0,1.0,4.0,4.0,2.0,2.0,1.0,0.0,974.0,41.0,39.0,117.20094895362854
0.0,5.0,99987.0,1.0,4.0,4.0,2.0,3.0,1.0,0.0,974.0,41.0,39.0,117.20094895362854
0.0,5.0,99987.0,1.0,4.0,4.0,2.0,4.0,1.0,0.0,974.0,41.0,39.0,117.20094895362854
0.0,5.0,99987.0,1.0,4.0,4.0,3.0,0.0,1.0,0.0,974.0,41.0,39.0,120.59973573684692
0.0,5.0,99987.0,1.0,4.0,4.0,3.0,1.0,1.0,0.0,974.0,41.0,39.0,120.59973573684692
0.0,5.0,99987.0,1.0,4.0,4.0,3.0,2.0,1.0,0.0,974.0,41.0,39.0,120.59973573684692
0.0,5.0,99987.0,1.0,4.0,4.0,3.0,3.0,1.0,0.0,974.0,41.0,39.0,120.59973573684692
0.0,5.0,99987.0,1.0,4.0,4.0,3.0,4.0,1.0,0.0,974.0,41.0,39.0,120.59973573684692
0.0,6.0,99987.0,1.0,4.0,4.0,3.0,0.0,1.0,0.0,974.0,41.0,39.0,124.80667185783386
0.0,6.0,99987.0,1.0,4.0,4.0,3.0,1.0,1.0,0.0,974.0,41.0,39.0,124.80667185783386
0.0,6.0,99987.0,1.0,4.0,4.0,3.0,2.0,1.0,0.0,974.0,41.0,39.0,124.80667185783386
0.0,6.0,99987.0,1.0,4.0,4.0,3.0,3.0,1.0,0.0,974.0,41.0,39.0,124.80667185783386
0.0,6.0,99987.0,1.0,4.0,4.0,3.0,4.0,1.0,0.0,974.0,41.0,39.0,124.80667185783386
0.0,6.0,99987.0,1.0,4.0,4.0,3.0,0.0,1.0,0.0,974.0,42.0,39.0,126.56002354621887
0.0,6.0,99987.0,1.0,4.0,4.0,3.0,1.0,1.0,0.0,974.0,42.0,39.0,126.56002354621887
0.0,6.0,99987.0,1.0,4.0,4.0,3.0,2.0,1.0,0.0,974.0,42.0,39.0,126.56002354621887
0.0,6.0,99987.0,1.0,4.0,4.0,3.0,3.0,1.0,0.0,974.0,42.0,39.0,126.56002354621887
0.0,6.0,99987.0,1.0,4.0,4.0,3.0,4.0,1.0,0.0,974.0,42.0,39.0,126.56002354621887
0.0,7.0,99987.0,1.0,4.0,4.0,3.0,0.0,1.0,0.0,974.0,42.0,39.0,130.3038945198059
0.0,7.0,99987.0,1.0,4.0,4.0,3.0,1.0,1.0,0.0,974.0,42.0,39.0,130.3038945198059
0.0,7.0,99987.0,1.0,4.0,4.0,3.0,2.0,1.0,0.0,974.0,42.0,39.0,130.3038945198059
0.0,7.0,99987.0,1.0,4.0,4.0,3.0,3.0,1.0,0.0,974.0,42.0,39.0,130.3038945198059
0.0,7.0,99987.0,1.0,4.0,4.0,3.0,4.0,1.0,0.0,974.0,42.0,39.0,130.3038945198059
0.0,8.0,99987.0,1.0,4.0,4.0,3.0,0.0,1.0,0.0,974.0,42.0,39.0,141.32119870185852
0.0,8.0,99987.0,1.0,4.0,4.0,3.0,1.0,1.0,0.0,974.0,42.0,39.0,141.32119870185852
0.0,8.0,99987.0,1.0,4.0,4.0,3.0,2.0,1.0,0.0,974.0,42.0,39.0,141.32119870185852
0.0,8.0,99987.0,1.0,4.0,4.0,3.0,3.0,1.0,0.0,974.0,42.0,39.0,141.32119870185852
0.0,8.0,99987.0,1.0,4.0,4.0,3.0,4.0,1.0,0.0,974.0,42.0,39.0,141.32119870185852
0.0,8.0,99987.0,1.0,5.0,4.0,3.0,0.0,1.0,0.0,974.0,42.0,39.0,143.2247452735901
0.0,8.0,99987.0,1.0,5.0,4.0,3.0,1.0,1.0,0.0,974.0,42.0,39.0,143.2247452735901
0.0,8.0,99987.0,1.0,5.0,4.0,3.0,2.0,1.0,0.0,974.0,42.0,39.0,143.2247452735901
0.0,8.0,99987.0,1.0,5.0,4.0,3.0,3.0,1.0,0.0,974.0,42.0,39.0,143.2247452735901
0.0,8.0,99987.0,1.0,5.0,4.0,3.0,4.0,1.0,0.0,974.0,42.0,39.0,143.2247452735901
0.0,8.0,99987.0,1.0,6.0,4.0,3.0,0.0,1.0,0.0,974.0,42.0,39.0,144.89707493782043
0.0,8.0,99987.0,1.0,6.0,4.0,3.0,1.0,1.0,0.0,974.0,42.0,39.0,144.89707493782043
0.0,8.0,99987.0,1.0,6.0,4.0,3.0,2.0,1.0,0.0,974.0,42.0,39.0,144.89707493782043
0.0,8.0,99987.0,1.0,6.0,4.0,3.0,3.0,1.0,0.0,974.0,42.0,39.0,144.89707493782043
0.0,8.0,99987.0,1.0,6.0,4.0,3.0,4.0,1.0,0.0,974.0,42.0,39.0,144.89707493782043
0.0,4.0,132870.0,11.0,6.0,4.0,1.0,0.0,0.0,0.0,4356.0,18.0,39.0,148.19421195983887
0.0,4.0,132870.0,11.0,6.0,4.0,1.0,1.0,0.0,0.0,4356.0,18.0,39.0,148.19421195983887
0.0,4.0,132870.0,11.0,6.0,4.0,1.0,2.0,0.0,0.0,4356.0,18.0,39.0,148.19421195983887
0.0,4.0,132870.0,11.0,6.0,4.0,1.0,3.0,0.0,0.0,4356.0,18.0,39.0,148.19421195983887
0.0,4.0,132870.0,11.0,6.0,4.0,1.0,4.0,0.0,0.0,4356.0,18.0,39.0,148.19421195983887
0.0,4.0,99987.0,11.0,6.0,4.0,1.0,0.0,0.0,0.0,974.0,19.0,39.0,149.89198184013367
0.0,4.0,99987.0,11.0,6.0,4.0,1.0,1.0,0.0,0.0,974.0,19.0,39.0,149.89198184013367
0.0,4.0,99987.0,11.0,6.0,4.0,1.0,2.0,0.0,0.0,974.0,19.0,39.0,149.89198184013367
0.0,4.0,99987.0,11.0,6.0,4.0,1.0,3.0,0.0,0.0,974.0,19.0,39.0,149.89198184013367
0.0,4.0,99987.0,11.0,6.0,4.0,1.0,4.0,0.0,0.0,974.0,19.0,39.0,149.89198184013367
0.0,4.0,99987.0,11.0,6.0,4.0,1.0,0.0,1.0,0.0,974.0,19.0,39.0,153.21434020996094
0.0,4.0,99987.0,11.0,6.0,4.0,1.0,1.0,1.0,0.0,974.0,19.0,39.0,153.21434020996094
0.0,4.0,99987.0,11.0,6.0,4.0,1.0,2.0,1.0,0.0,974.0,19.0,39.0,153.21434020996094
0.0,4.0,99987.0,11.0,6.0,4.0,1.0,3.0,1.0,0.0,974.0,19.0,39.0,153.21434020996094
0.0,4.0,99987.0,11.0,6.0,4.0,1.0,4.0,1.0,0.0,974.0,19.0,39.0,153.21434020996094
0.0,4.0,99987.0,11.0,5.0,4.0,1.0,0.0,1.0,0.0,974.0,19.0,39.0,154.84605193138123
0.0,4.0,99987.0,11.0,5.0,4.0,1.0,1.0,1.0,0.0,974.0,19.0,39.0,154.84605193138123
0.0,4.0,99987.0,11.0,5.0,4.0,1.0,2.0,1.0,0.0,974.0,19.0,39.0,154.84605193138123
0.0,4.0,99987.0,11.0,5.0,4.0,1.0,3.0,1.0,0.0,974.0,19.0,39.0,154.84605193138123
0.0,4.0,99987.0,11.0,5.0,4.0,1.0,4.0,1.0,0.0,974.0,19.0,39.0,154.84605193138123
0.0,4.0,99987.0,11.0,5.0,4.0,1.0,0.0,1.0,1.0,974.0,19.0,39.0,156.71734237670898
0.0,4.0,99987.0,11.0,5.0,4.0,1.0,1.0,1.0,1.0,974.0,19.0,39.0,156.71734237670898
0.0,4.0,99987.0,11.0,5.0,4.0,1.0,2.0,1.0,1.0,974.0,19.0,39.0,156.71734237670898
0.0,4.0,99987.0,11.0,5.0,4.0,1.0,3.0,1.0,1.0,974.0,19.0,39.0,156.71734237670898
0.0,4.0,99987.0,11.0,5.0,4.0,1.0,4.0,1.0,1.0,974.0,19.0,39.0,156.71734237670898
0.0,4.0,99987.0,12.0,5.0,4.0,1.0,0.0,1.0,0.0,974.0,19.0,39.0,167.2496418952942
0.0,4.0,99987.0,12.0,5.0,4.0,1.0,1.0,1.0,0.0,974.0,19.0,39.0,167.2496418952942
0.0,4.0,99987.0,12.0,5.0,4.0,1.0,2.0,1.0,0.0,974.0,19.0,39.0,167.2496418952942
0.0,4.0,99987.0,12.0,5.0,4.0,1.0,3.0,1.0,0.0,974.0,19.0,39.0,167.2496418952942
0.0,4.0,99987.0,12.0,5.0,4.0,1.0,4.0,1.0,0.0,974.0,19.0,39.0,167.2496418952942
0.0,4.0,99987.0,12.0,6.0,4.0,1.0,0.0,1.0,0.0,974.0,19.0,39.0,168.92417454719543
0.0,4.0,99987.0,12.0,6.0,4.0,1.0,1.0,1.0,0.0,974.0,19.0,39.0,168.92417454719543
0.0,4.0,99987.0,12.0,6.0,4.0,1.0,2.0,1.0,0.0,974.0,19.0,39.0,168.92417454719543
0.0,4.0,99987.0,12.0,6.0,4.0,1.0,3.0,1.0,0.0,974.0,19.0,39.0,168.92417454719543
0.0,4.0,99987.0,12.0,6.0,4.0,1.0,4.0,1.0,0.0,974.0,19.0,39.0,168.92417454719543
0.0,4.0,99987.0,12.0,6.0,4.0,1.0,0.0,1.0,0.0,974.0,18.0,39.0,170.57321643829346
0.0,4.0,99987.0,12.0,6.0,4.0,1.0,1.0,1.0,0.0,974.0,18.0,39.0,170.57321643829346
0.0,4.0,99987.0,12.0,6.0,4.0,1.0,2.0,1.0,0.0,974.0,18.0,39.0,170.57321643829346
0.0,4.0,99987.0,12.0,6.0,4.0,1.0,3.0,1.0,0.0,974.0,18.0,39.0,170.57321643829346
0.0,4.0,99987.0,12.0,6.0,4.0,1.0,4.0,1.0,0.0,974.0,18.0,39.0,170.57321643829346
0.0,4.0,99987.0,12.0,6.0,4.0,1.0,0.0,0.0,0.0,974.0,18.0,39.0,172.2709982395172
0.0,4.0,99987.0,12.0,6.0,4.0,1.0,1.0,0.0,0.0,974.0,18.0,39.0,172.2709982395172
0.0,4.0,99987.0,12.0,6.0,4.0,1.0,2.0,0.0,0.0,974.0,18.0,39.0,172.2709982395172
0.0,4.0,99987.0,12.0,6.0,4.0,1.0,3.0,0.0,0.0,974.0,18.0,39.0,172.2709982395172
0.0,4.0,99987.0,12.0,6.0,4.0,1.0,4.0,0.0,0.0,974.0,18.0,39.0,172.2709982395172
1.0,6.0,137527.0,10.0,4.0,10.0,1.0,0.0,0.0,0.0,2559.0,60.0,39.0,174.03712558746338
1.0,6.0,137527.0,10.0,4.0,10.0,1.0,1.0,0.0,0.0,2559.0,60.0,39.0,174.03712558746338
1.0,6.0,137527.0,10.0,4.0,10.0,1.0,2.0,0.0,0.0,2559.0,60.0,39.0,174.03712558746338
1.0,6.0,137527.0,10.0,4.0,10.0,1.0,3.0,0.0,0.0,2559.0,60.0,39.0,174.03712558746338
1.0,6.0,137527.0,10.0,4.0,10.0,1.0,4.0,0.0,0.0,2559.0,60.0,39.0,174.03712558746338
1.0,5.0,99987.0,10.0,4.0,10.0,1.0,0.0,0.0,0.0,974.0,60.0,39.0,175.8026306629181
1.0,5.0,99987.0,10.0,4.0,10.0,1.0,1.0,0.0,0.0,974.0,60.0,39.0,175.8026306629181
1.0,5.0,99987.0,10.0,4.0,10.0,1.0,2.0,0.0,0.0,974.0,60.0,39.0,175.8026306629181
1.0,5.0,99987.0,10.0,4.0,10.0,1.0,3.0,0.0,0.0,974.0,60.0,39.0,175.8026306629181
1.0,5.0,99987.0,10.0,4.0,10.0,1.0,4.0,0.0,0.0,974.0,60.0,39.0,175.8026306629181
1.0,5.0,99987.0,10.0,4.0,10.0,1.0,0.0,0.0,0.0,973.0,60.0,39.0,177.55185341835022
1.0,5.0,99987.0,10.0,4.0,10.0,1.0,1.0,0.0,0.0,973.0,60.0,39.0,177.55185341835022
1.0,5.0,99987.0,10.0,4.0,10.0,1.0,2.0,0.0,0.0,973.0,60.0,39.0,177.55185341835022
1.0,5.0,99987.0,10.0,4.0,10.0,1.0,3.0,0.0,0.0,973.0,60.0,39.0,177.55185341835022
1.0,5.0,99987.0,10.0,4.0,10.0,1.0,4.0,0.0,0.0,973.0,60.0,39.0,177.55185341835022
1.0,5.0,99987.0,10.0,4.0,10.0,1.0,0.0,0.0,0.0,973.0,59.0,39.0,181.07725501060486
1.0,5.0,99987.0,10.0,4.0,10.0,1.0,1.0,0.0,0.0,973.0,59.0,39.0,181.07725501060486
1.0,5.0,99987.0,10.0,4.0,10.0,1.0,2.0,0.0,0.0,973.0,59.0,39.0,181.07725501060486
1.0,5.0,99987.0,10.0,4.0,10.0,1.0,3.0,0.0,0.0,973.0,59.0,39.0,181.07725501060486
1.0,5.0,99987.0,10.0,4.0,10.0,1.0,4.0,0.0,0.0,973.0,59.0,39.0,181.07725501060486
1.0,5.0,99987.0,10.0,4.0,10.0,1.0,0.0,0.0,0.0,974.0,59.0,39.0,183.04196953773499
1.0,5.0,99987.0,10.0,4.0,10.0,1.0,1.0,0.0,0.0,974.0,59.0,39.0,183.04196953773499
1.0,5.0,99987.0,10.0,4.0,10.0,1.0,2.0,0.0,0.0,974.0,59.0,39.0,183.04196953773499
1.0,5.0,99987.0,10.0,4.0,10.0,1.0,3.0,0.0,0.0,974.0,59.0,39.0,183.04196953773499
1.0,5.0,99987.0,10.0,4.0,10.0,1.0,4.0,0.0,0.0,974.0,59.0,39.0,183.04196953773499
1.0,5.0,99987.0,9.0,4.0,10.0,1.0,0.0,0.0,0.0,974.0,59.0,39.0,184.98810458183289
1.0,5.0,99987.0,9.0,4.0,10.0,1.0,1.0,0.0,0.0,974.0,59.0,39.0,184.98810458183289
1.0,5.0,99987.0,9.0,4.0,10.0,1.0,2.0,0.0,0.0,974.0,59.0,39.0,184.98810458183289
1.0,5.0,99987.0,9.0,4.0,10.0,1.0,3.0,0.0,0.0,974.0,59.0,39.0,184.98810458183289
1.0,5.0,99987.0,9.0,4.0,10.0,1.0,4.0,0.0,0.0,974.0,59.0,39.0,184.98810458183289
1.0,6.0,99987.0,9.0,4.0,10.0,1.0,0.0,0.0,0.0,974.0,59.0,39.0,186.78864431381226
1.0,6.0,99987.0,9.0,4.0,10.0,1.0,1.0,0.0,0.0,974.0,59.0,39.0,186.78864431381226
1.0,6.0,99987.0,9.0,4.0,10.0,1.0,2.0,0.0,0.0,974.0,59.0,39.0,186.78864431381226
1.0,6.0,99987.0,9.0,4.0,10.0,1.0,3.0,0.0,0.0,974.0,59.0,39.0,186.78864431381226
1.0,6.0,99987.0,9.0,4.0,10.0,1.0,4.0,0.0,0.0,974.0,59.0,39.0,186.78864431381226
1.0,6.0,99987.0,9.0,4.0,10.0,1.0,0.0,1.0,0.0,974.0,59.0,39.0,190.9785237312317
1.0,6.0,99987.0,9.0,4.0,10.0,1.0,1.0,1.0,0.0,974.0,59.0,39.0,190.9785237312317
1.0,6.0,99987.0,9.0,4.0,10.0,1.0,2.0,1.0,0.0,974.0,59.0,39.0,190.9785237312317
1.0,6.0,99987.0,9.0,4.0,10.0,1.0,3.0,1.0,0.0,974.0,59.0,39.0,190.9785237312317
1.0,6.0,99987.0,9.0,4.0,10.0,1.0,4.0,1.0,0.0,974.0,59.0,39.0,190.9785237312317
1.0,6.0,99987.0,9.0,4.0,10.0,1.0,0.0,1.0,0.0,974.0,58.0,39.0,193.01600241661072
1.0,6.0,99987.0,9.0,4.0,10.0,1.0,1.0,1.0,0.0,974.0,58.0,39.0,193.01600241661072
1.0,6.0,99987.0,9.0,4.0,10.0,1.0,2.0,1.0,0.0,974.0,58.0,39.0,193.01600241661072
1.0,6.0,99987.0,9.0,4.0,10.0,1.0,3.0,1.0,0.0,974.0,58.0,39.0,193.01600241661072
1.0,6.0,99987.0,9.0,4.0,10.0,1.0,4.0,1.0,0.0,974.0,58.0,39.0,193.01600241661072
1.0,6.0,99987.0,9.0,5.0,10.0,1.0,0.0,1.0,0.0,974.0,58.0,39.0,194.75261282920837
1.0,6.0,99987.0,9.0,5.0,10.0,1.0,1.0,1.0,0.0,974.0,58.0,39.0,194.75261282920837
1.0,6.0,99987.0,9.0,5.0,10.0,1.0,2.0,1.0,0.0,974.0,58.0,39.0,194.75261282920837
1.0,6.0,99987.0,9.0,5.0,10.0,1.0,3.0,1.0,0.0,974.0,58.0,39.0,194.75261282920837
1.0,6.0,99987.0,9.0,5.0,10.0,1.0,4.0,1.0,0.0,974.0,58.0,39.0,194.75261282920837
1.0,4.0,136204.0,12.0,5.0,4.0,1.0,0.0,1.0,0.0,2824.0,55.0,39.0,196.6001558303833
1.0,4.0,136204.0,12.0,5.0,4.0,1.0,1.0,1.0,0.0,2824.0,55.0,39.0,196.6001558303833
1.0,4.0,136204.0,12.0,5.0,4.0,1.0,2.0,1.0,0.0,2824.0,55.0,39.0,196.6001558303833
1.0,4.0,136204.0,12.0,5.0,4.0,1.0,3.0,1.0,0.0,2824.0,55.0,39.0,196.6001558303833
1.0,4.0,136204.0,12.0,5.0,4.0,1.0,4.0,1.0,0.0,2824.0,55.0,39.0,196.6001558303833
1.0,4.0,99987.0,12.0,5.0,4.0,1.0,0.0,1.0,0.0,974.0,56.0,39.0,198.28006839752197
1.0,4.0,99987.0,12.0,5.0,4.0,1.0,1.0,1.0,0.0,974.0,56.0,39.0,198.28006839752197
1.0,4.0,99987.0,12.0,5.0,4.0,1.0,2.0,1.0,0.0,974.0,56.0,39.0,198.28006839752197
1.0,4.0,99987.0,12.0,5.0,4.0,1.0,3.0,1.0,0.0,974.0,56.0,39.0,198.28006839752197
1.0,4.0,99987.0,12.0,5.0,4.0,1.0,4.0,1.0,0.0,974.0,56.0,39.0,198.28006839752197
1.0,4.0,99987.0,12.0,5.0,4.0,0.0,0.0,1.0,0.0,974.0,56.0,39.0,200.25494742393494
1.0,4.0,99987.0,12.0,5.0,4.0,0.0,1.0,1.0,0.0,974.0,56.0,39.0,200.25494742393494
1.0,4.0,99987.0,12.0,5.0,4.0,0.0,2.0,1.0,0.0,974.0,56.0,39.0,200.25494742393494
1.0,4.0,99987.0,12.0,5.0,4.0,0.0,3.0,1.0,0.0,974.0,56.0,39.0,200.25494742393494
1.0,4.0,99987.0,12.0,5.0,4.0,0.0,4.0,1.0,0.0,974.0,56.0,39.0,200.25494742393494
1.0,4.0,99987.0,12.0,5.0,4.0,0.0,0.0,1.0,0.0,973.0,56.0,39.0,201.97919487953186
1.0,4.0,99987.0,12.0,5.0,4.0,0.0,1.0,1.0,0.0,973.0,56.0,39.0,201.97919487953186
1.0,4.0,99987.0,12.0,5.0,4.0,0.0,2.0,1.0,0.0,973.0,56.0,39.0,201.97919487953186
1.0,4.0,99987.0,12.0,5.0,4.0,0.0,3.0,1.0,0.0,973.0,56.0,39.0,201.97919487953186
1.0,4.0,99987.0,12.0,5.0,4.0,0.0,4.0,1.0,0.0,973.0,56.0,39.0,201.97919487953186
1.0,4.0,99987.0,12.0,6.0,4.0,0.0,0.0,1.0,0.0,973.0,56.0,39.0,203.60776925086975
1.0,4.0,99987.0,12.0,6.0,4.0,0.0,1.0,1.0,0.0,973.0,56.0,39.0,203.60776925086975
1.0,4.0,99987.0,12.0,6.0,4.0,0.0,2.0,1.0,0.0,973.0,56.0,39.0,203.60776925086975
1.0,4.0,99987.0,12.0,6.0,4.0,0.0,3.0,1.0,0.0,973.0,56.0,39.0,203.60776925086975
1.0,4.0,99987.0,12.0,6.0,4.0,0.0,4.0,1.0,0.0,973.0,56.0,39.0,203.60776925086975
0.0,4.0,99987.0,12.0,6.0,4.0,0.0,0.0,1.0,0.0,973.0,56.0,39.0,205.26441311836243
0.0,4.0,99987.0,12.0,6.0,4.0,0.0,1.0,1.0,0.0,973.0,56.0,39.0,205.26441311836243
0.0,4.0,99987.0,12.0,6.0,4.0,0.0,2.0,1.0,0.0,973.0,56.0,39.0,205.26441311836243
0.0,4.0,99987.0,12.0,6.0,4.0,0.0,3.0,1.0,0.0,973.0,56.0,39.0,205.26441311836243
0.0,4.0,99987.0,12.0,6.0,4.0,0.0,4.0,1.0,0.0,973.0,56.0,39.0,205.26441311836243
0.0,4.0,99987.0,12.0,6.0,4.0,0.0,0.0,1.0,1.0,973.0,56.0,39.0,210.38129830360413
0.0,4.0,99987.0,12.0,6.0,4.0,0.0,1.0,1.0,1.0,973.0,56.0,39.0,210.38129830360413
0.0,4.0,99987.0,12.0,6.0,4.0,0.0,2.0,1.0,1.0,973.0,56.0,39.0,210.38129830360413
0.0,4.0,99987.0,12.0,6.0,4.0,0.0,3.0,1.0,1.0,973.0,56.0,39.0,210.38129830360413
0.0,4.0,99987.0,12.0,6.0,4.0,0.0,4.0,1.0,1.0,973.0,56.0,39.0,210.38129830360413
0.0,4.0,99987.0,12.0,6.0,4.0,0.0,0.0,1.0,1.0,973.0,55.0,39.0,212.0158348083496
0.0,4.0,99987.0,12.0,6.0,4.0,0.0,1.0,1.0,1.0,973.0,55.0,39.0,212.0158348083496
0.0,4.0,99987.0,12.0,6.0,4.0,0.0,2.0,1.0,1.0,973.0,55.0,39.0,212.0158348083496
0.0,4.0,99987.0,12.0,6.0,4.0,0.0,3.0,1.0,1.0,973.0,55.0,39.0,212.0158348083496
0.0,4.0,99987.0,12.0,6.0,4.0,0.0,4.0,1.0,1.0,973.0,55.0,39.0,212.0158348083496
0.0,5.0,99987.0,12.0,6.0,4.0,0.0,0.0,1.0,1.0,973.0,55.0,39.0,213.73122811317444
0.0,5.0,99987.0,12.0,6.0,4.0,0.0,1.0,1.0,1.0,973.0,55.0,39.0,213.73122811317444
0.0,5.0,99987.0,12.0,6.0,4.0,0.0,2.0,1.0,1.0,973.0,55.0,39.0,213.73122811317444
0.0,5.0,99987.0,12.0,6.0,4.0,0.0,3.0,1.0,1.0,973.0,55.0,39.0,213.73122811317444
0.0,5.0,99987.0,12.0,6.0,4.0,0.0,4.0,1.0,1.0,973.0,55.0,39.0,213.73122811317444
0.0,5.0,187702.0,14.0,2.0,10.0,0.0,0.0,1.0,0.0,2415.0,60.0,39.0,215.46296000480652
0.0,5.0,187702.0,14.0,2.0,10.0,0.0,1.0,1.0,0.0,2415.0,60.0,39.0,215.46296000480652
0.0,5.0,187702.0,14.0,2.0,10.0,0.0,2.0,1.0,0.0,2415.0,60.0,39.0,215.46296000480652
0.0,5.0,187702.0,14.0,2.0,10.0,0.0,3.0,1.0,0.0,2415.0,60.0,39.0,215.46296000480652
0.0,5.0,187702.0,14.0,2.0,10.0,0.0,4.0,1.0,0.0,2415.0,60.0,39.0,215.46296000480652
0.0,5.0,99987.0,14.0,3.0,10.0,0.0,0.0,1.0,0.0,974.0,60.0,39.0,217.2814736366272
0.0,5.0,99987.0,14.0,3.0,10.0,0.0,1.0,1.0,0.0,974.0,60.0,39.0,217.2814736366272
0.0,5.0,99987.0,14.0,3.0,10.0,0.0,2.0,1.0,0.0,974.0,60.0,39.0,217.2814736366272
0.0,5.0,99987.0,14.0,3.0,10.0,0.0,3.0,1.0,0.0,974.0,60.0,39.0,217.2814736366272
0.0,5.0,99987.0,14.0,3.0,10.0,0.0,4.0,1.0,0.0,974.0,60.0,39.0,217.2814736366272
0.0,5.0,99987.0,14.0,3.0,9.0,0.0,0.0,1.0,0.0,974.0,60.0,39.0,219.3320174217224
0.0,5.0,99987.0,14.0,3.0,9.0,0.0,1.0,1.0,0.0,974.0,60.0,39.0,219.3320174217224
0.0,5.0,99987.0,14.0,3.0,9.0,0.0,2.0,1.0,0.0,974.0,60.0,39.0,219.3320174217224
0.0,5.0,99987.0,14.0,3.0,9.0,0.0,3.0,1.0,0.0,974.0,60.0,39.0,219.3320174217224
0.0,5.0,99987.0,14.0,3.0,9.0,0.0,4.0,1.0,0.0,974.0,60.0,39.0,219.3320174217224
0.0,5.0,99987.0,14.0,3.0,9.0,1.0,0.0,1.0,0.0,974.0,60.0,39.0,223.03226590156555
0.0,5.0,99987.0,14.0,3.0,9.0,1.0,1.0,1.0,0.0,974.0,60.0,39.0,223.03226590156555
0.0,5.0,99987.0,14.0,3.0,9.0,1.0,2.0,1.0,0.0,974.0,60.0,39.0,223.03226590156555
0.0,5.0,99987.0,14.0,3.0,9.0,1.0,3.0,1.0,0.0,974.0,60.0,39.0,223.03226590156555
0.0,5.0,99987.0,14.0,3.0,9.0,1.0,4.0,1.0,0.0,974.0,60.0,39.0,223.03226590156555
0.0,5.0,99987.0,14.0,3.0,9.0,1.0,0.0,0.0,0.0,974.0,60.0,39.0,225.08741664886475
0.0,5.0,99987.0,14.0,3.0,9.0,1.0,1.0,0.0,0.0,974.0,60.0,39.0,225.08741664886475
0.0,5.0,99987.0,14.0,3.0,9.0,1.0,2.0,0.0,0.0,974.0,60.0,39.0,225.08741664886475
0.0,5.0,99987.0,14.0,3.0,9.0,1.0,3.0,0.0,0.0,974.0,60.0,39.0,225.08741664886475
0.0,5.0,99987.0,14.0,3.0,9.0,1.0,4.0,0.0,0.0,974.0,60.0,39.0,225.08741664886475
1.0,5.0,99987.0,14.0,3.0,9.0,1.0,0.0,1.0,0.0,974.0,60.0,39.0,230.70021152496338
1.0,5.0,99987.0,14.0,3.0,9.0,1.0,1.0,1.0,0.0,974.0,60.0,39.0,230.70021152496338
1.0,5.0,99987.0,14.0,3.0,9.0,1.0,2.0,1.0,0.0,974.0,60.0,39.0,230.70021152496338
1.0,5.0,99987.0,14.0,3.0,9.0,1.0,3.0,1.0,0.0,974.0,60.0,39.0,230.70021152496338
1.0,5.0,99987.0,14.0,3.0,9.0,1.0,4.0,1.0,0.0,974.0,60.0,39.0,230.70021152496338
1.0,5.0,99987.0,14.0,3.0,9.0,2.0,0.0,1.0,0.0,974.0,60.0,39.0,232.46506524085999
1.0,5.0,99987.0,14.0,3.0,9.0,2.0,1.0,1.0,0.0,974.0,60.0,39.0,232.46506524085999
1.0,5.0,99987.0,14.0,3.0,9.0,2.0,2.0,1.0,0.0,974.0,60.0,39.0,232.46506524085999
1.0,5.0,99987.0,14.0,3.0,9.0,2.0,3.0,1.0,0.0,974.0,60.0,39.0,232.46506524085999
1.0,5.0,99987.0,14.0,3.0,9.0,2.0,4.0,1.0,0.0,974.0,60.0,39.0,232.46506524085999
1.0,5.0,99987.0,15.0,3.0,9.0,2.0,0.0,1.0,0.0,974.0,60.0,39.0,234.30902767181396
1.0,5.0,99987.0,15.0,3.0,9.0,2.0,1.0,1.0,0.0,974.0,60.0,39.0,234.30902767181396
1.0,5.0,99987.0,15.0,3.0,9.0,2.0,2.0,1.0,0.0,974.0,60.0,39.0,234.30902767181396
1.0,5.0,99987.0,15.0,3.0,9.0,2.0,3.0,1.0,0.0,974.0,60.0,39.0,234.30902767181396
1.0,5.0,99987.0,15.0,3.0,9.0,2.0,4.0,1.0,0.0,974.0,60.0,39.0,234.30902767181396
0.0,0.0,186061.0,15.0,6.0,0.0,4.0,0.0,0.0,0.0,4356.0,40.0,39.0,236.14162349700928
0.0,0.0,186061.0,15.0,6.0,0.0,4.0,1.0,0.0,0.0,4356.0,40.0,39.0,236.14162349700928
0.0,0.0,186061.0,15.0,6.0,0.0,4.0,2.0,0.0,0.0,4356.0,40.0,39.0,236.14162349700928
0.0,0.0,186061.0,15.0,6.0,0.0,4.0,3.0,0.0,0.0,4356.0,40.0,39.0,236.14162349700928
0.0,0.0,186061.0,15.0,6.0,0.0,4.0,4.0,0.0,0.0,4356.0,40.0,39.0,236.14162349700928
0.0,1.0,99987.0,15.0,6.0,0.0,4.0,0.0,0.0,0.0,974.0,40.0,39.0,237.8104395866394
0.0,1.0,99987.0,15.0,6.0,0.0,4.0,1.0,0.0,0.0,974.0,40.0,39.0,237.8104395866394
0.0,1.0,99987.0,15.0,6.0,0.0,4.0,2.0,0.0,0.0,974.0,40.0,39.0,237.8104395866394
0.0,1.0,99987.0,15.0,6.0,0.0,4.0,3.0,0.0,0.0,974.0,40.0,39.0,237.8104395866394
0.0,1.0,99987.0,15.0,6.0,0.0,4.0,4.0,0.0,0.0,974.0,40.0,39.0,237.8104395866394
0.0,1.0,99987.0,15.0,6.0,0.0,4.0,0.0,0.0,0.0,974.0,39.0,39.0,239.47149014472961
0.0,1.0,99987.0,15.0,6.0,0.0,4.0,1.0,0.0,0.0,974.0,39.0,39.0,239.47149014472961
0.0,1.0,99987.0,15.0,6.0,0.0,4.0,2.0,0.0,0.0,974.0,39.0,39.0,239.47149014472961
0.0,1.0,99987.0,15.0,6.0,0.0,4.0,3.0,0.0,0.0,974.0,39.0,39.0,239.47149014472961
0.0,1.0,99987.0,15.0,6.0,0.0,4.0,4.0,0.0,0.0,974.0,39.0,39.0,239.47149014472961
0.0,1.0,99987.0,15.0,6.0,0.0,4.0,0.0,0.0,0.0,973.0,40.0,39.0,244.58595871925354
0.0,1.0,99987.0,15.0,6.0,0.0,4.0,1.0,0.0,0.0,973.0,40.0,39.0,244.58595871925354
0.0,1.0,99987.0,15.0,6.0,0.0,4.0,2.0,0.0,0.0,973.0,40.0,39.0,244.58595871925354
0.0,1.0,99987.0,15.0,6.0,0.0,4.0,3.0,0.0,0.0,973.0,40.0,39.0,244.58595871925354
0.0,1.0,99987.0,15.0,6.0,0.0,4.0,4.0,0.0,0.0,973.0,40.0,39.0,244.58595871925354
0.0,1.0,99987.0,15.0,6.0,0.0,4.0,0.0,0.0,0.0,972.0,40.0,39.0,246.23535919189453
0.0,1.0,99987.0,15.0,6.0,0.0,4.0,1.0,0.0,0.0,972.0,40.0,39.0,246.23535919189453
0.0,1.0,99987.0,15.0,6.0,0.0,4.0,2.0,0.0,0.0,972.0,40.0,39.0,246.23535919189453
0.0,1.0,99987.0,15.0,6.0,0.0,4.0,3.0,0.0,0.0,972.0,40.0,39.0,246.23535919189453
0.0,1.0,99987.0,15.0,6.0,0.0,4.0,4.0,0.0,0.0,972.0,40.0,39.0,246.23535919189453
0.0,1.0,99987.0,15.0,6.0,0.0,4.0,0.0,1.0,0.0,972.0,40.0,39.0,251.2478666305542
0.0,1.0,99987.0,15.0,6.0,0.0,4.0,1.0,1.0,0.0,972.0,40.0,39.0,251.2478666305542
0.0,1.0,99987.0,15.0,6.0,0.0,4.0,2.0,1.0,0.0,972.0,40.0,39.0,251.2478666305542
0.0,1.0,99987.0,15.0,6.0,0.0,4.0,3.0,1.0,0.0,972.0,40.0,39.0,251.2478666305542
0.0,1.0,99987.0,15.0,6.0,0.0,4.0,4.0,1.0,0.0,972.0,40.0,39.0,251.2478666305542
0.0,1.0,99987.0,15.0,5.0,0.0,4.0,0.0,1.0,0.0,972.0,40.0,39.0,252.87974786758423
0.0,1.0,99987.0,15.0,5.0,0.0,4.0,1.0,1.0,0.0,972.0,40.0,39.0,252.87974786758423
0.0,1.0,99987.0,15.0,5.0,0.0,4.0,2.0,1.0,0.0,972.0,40.0,39.0,252.87974786758423
0.0,1.0,99987.0,15.0,5.0,0.0,4.0,3.0,1.0,0.0,972.0,40.0,39.0,252.87974786758423
0.0,1.0,99987.0,15.0,5.0,0.0,4.0,4.0,1.0,0.0,972.0,40.0,39.0,252.87974786758423
0.0,4.0,237729.0,11.0,6.0,12.0,1.0,0.0,0.0,0.0,2444.0,72.0,39.0,254.55853462219238
0.0,4.0,237729.0,11.0,6.0,12.0,1.0,1.0,0.0,0.0,2444.0,72.0,39.0,254.55853462219238
0.0,4.0,237729.0,11.0,6.0,12.0,1.0,2.0,0.0,0.0,2444.0,72.0,39.0,254.55853462219238
0.0,4.0,237729.0,11.0,6.0,12.0,1.0,3.0,0.0,0.0,2444.0,72.0,39.0,254.55853462219238
0.0,4.0,237729.0,11.0,6.0,12.0,1.0,4.0,0.0,0.0,2444.0,72.0,39.0,254.55853462219238
0.0,4.0,99987.0,11.0,5.0,12.0,1.0,0.0,0.0,0.0,974.0,72.0,39.0,256.19472217559814
0.0,4.0,99987.0,11.0,5.0,12.0,1.0,1.0,0.0,0.0,974.0,72.0,39.0,256.19472217559814
0.0,4.0,99987.0,11.0,5.0,12.0,1.0,2.0,0.0,0.0,974.0,72.0,39.0,256.19472217559814
0.0,4.0,99987.0,11.0,5.0,12.0,1.0,3.0,0.0,0.0,974.0,72.0,39.0,256.19472217559814
0.0,4.0,99987.0,11.0,5.0,12.0,1.0,4.0,0.0,0.0,974.0,72.0,39.0,256.19472217559814
0.0,4.0,99987.0,11.0,5.0,12.0,1.0,0.0,0.0,0.0,974.0,71.0,39.0,257.82886362075806
0.0,4.0,99987.0,11.0,5.0,12.0,1.0,1.0,0.0,0.0,974.0,71.0,39.0,257.82886362075806
0.0,4.0,99987.0,11.0,5.0,12.0,1.0,2.0,0.0,0.0,974.0,71.0,39.0,257.82886362075806
0.0,4.0,99987.0,11.0,5.0,12.0,1.0,3.0,0.0,0.0,974.0,71.0,39.0,257.82886362075806
0.0,4.0,99987.0,11.0,5.0,12.0,1.0,4.0,0.0,0.0,974.0,71.0,39.0,257.82886362075806
0.0,4.0,99987.0,11.0,5.0,12.0,1.0,0.0,1.0,0.0,974.0,71.0,39.0,259.47054409980774
0.0,4.0,99987.0,11.0,5.0,12.0,1.0,1.0,1.0,0.0,974.0,71.0,39.0,259.47054409980774
0.0,4.0,99987.0,11.0,5.0,12.0,1.0,2.0,1.0,0.0,974.0,71.0,39.0,259.47054409980774
0.0,4.0,99987.0,11.0,5.0,12.0,1.0,3.0,1.0,0.0,974.0,71.0,39.0,259.47054409980774
0.0,4.0,99987.0,11.0,5.0,12.0,1.0,4.0,1.0,0.0,974.0,71.0,39.0,259.47054409980774
0.0,4.0,99987.0,12.0,5.0,12.0,1.0,0.0,0.0,0.0,974.0,71.0,39.0,262.89505553245544
0.0,4.0,99987.0,12.0,5.0,12.0,1.0,1.0,0.0,0.0,974.0,71.0,39.0,262.89505553245544
0.0,4.0,99987.0,12.0,5.0,12.0,1.0,2.0,0.0,0.0,974.0,71.0,39.0,262.89505553245544
0.0,4.0,99987.0,12.0,5.0,12.0,1.0,3.0,0.0,0.0,974.0,71.0,39.0,262.89505553245544
0.0,4.0,99987.0,12.0,5.0,12.0,1.0,4.0,0.0,0.0,974.0,71.0,39.0,262.89505553245544
0.0,4.0,99987.0,12.0,5.0,12.0,0.0,0.0,0.0,0.0,974.0,71.0,39.0,264.8497438430786
0.0,4.0,99987.0,12.0,5.0,12.0,0.0,1.0,0.0,0.0,974.0,71.0,39.0,264.8497438430786
0.0,4.0,99987.0,12.0,5.0,12.0,0.0,2.0,0.0,0.0,974.0,71.0,39.0,264.8497438430786
0.0,4.0,99987.0,12.0,5.0,12.0,0.0,3.0,0.0,0.0,974.0,71.0,39.0,264.8497438430786
0.0,4.0,99987.0,12.0,5.0,12.0,0.0,4.0,0.0,0.0,974.0,71.0,39.0,264.8497438430786
0.0,4.0,99987.0,11.0,5.0,12.0,0.0,0.0,0.0,0.0,974.0,71.0,39.0,266.4717376232147
0.0,4.0,99987.0,11.0,5.0,12.0,0.0,1.0,0.0,0.0,974.0,71.0,39.0,266.4717376232147
0.0,4.0,99987.0,11.0,5.0,12.0,0.0,2.0,0.0,0.0,974.0,71.0,39.0,266.4717376232147
0.0,4.0,99987.0,11.0,5.0,12.0,0.0,3.0,0.0,0.0,974.0,71.0,39.0,266.4717376232147
0.0,4.0,99987.0,11.0,5.0,12.0,0.0,4.0,0.0,0.0,974.0,71.0,39.0,266.4717376232147
0.0,4.0,99987.0,11.0,5.0,12.0,0.0,0.0,1.0,0.0,974.0,71.0,39.0,268.0968508720398
0.0,4.0,99987.0,11.0,5.0,12.0,0.0,1.0,1.0,0.0,974.0,71.0,39.0,268.0968508720398
0.0,4.0,99987.0,11.0,5.0,12.0,0.0,2.0,1.0,0.0,974.0,71.0,39.0,268.0968508720398
0.0,4.0,99987.0,11.0,5.0,12.0,0.0,3.0,1.0,0.0,974.0,71.0,39.0,268.0968508720398
0.0,4.0,99987.0,11.0,5.0,12.0,0.0,4.0,1.0,0.0,974.0,71.0,39.0,268.0968508720398
0.0,4.0,99987.0,12.0,5.0,12.0,0.0,0.0,1.0,0.0,974.0,71.0,39.0,271.45854091644287
0.0,4.0,99987.0,12.0,5.0,12.0,0.0,1.0,1.0,0.0,974.0,71.0,39.0,271.45854091644287
0.0,4.0,99987.0,12.0,5.0,12.0,0.0,2.0,1.0,0.0,974.0,71.0,39.0,271.45854091644287
0.0,4.0,99987.0,12.0,5.0,12.0,0.0,3.0,1.0,0.0,974.0,71.0,39.0,271.45854091644287
0.0,4.0,99987.0,12.0,5.0,12.0,0.0,4.0,1.0,0.0,974.0,71.0,39.0,271.45854091644287
1.0,4.0,119592.0,7.0,4.0,6.0,1.0,0.0,1.0,0.0,2824.0,40.0,0.0,273.06598711013794
1.0,4.0,119592.0,7.0,4.0,6.0,1.0,1.0,1.0,0.0,2824.0,40.0,0.0,273.06598711013794
1.0,4.0,119592.0,7.0,4.0,6.0,1.0,2.0,1.0,0.0,2824.0,40.0,0.0,273.06598711013794
1.0,4.0,119592.0,7.0,4.0,6.0,1.0,3.0,1.0,0.0,2824.0,40.0,0.0,273.06598711013794
1.0,4.0,119592.0,7.0,4.0,6.0,1.0,4.0,1.0,0.0,2824.0,40.0,0.0,273.06598711013794
1.0,4.0,99987.0,7.0,5.0,6.0,1.0,0.0,1.0,0.0,974.0,40.0,0.0,274.6788544654846
1.0,4.0,99987.0,7.0,5.0,6.0,1.0,1.0,1.0,0.0,974.0,40.0,0.0,274.6788544654846
1.0,4.0,99987.0,7.0,5.0,6.0,1.0,2.0,1.0,0.0,974.0,40.0,0.0,274.6788544654846
1.0,4.0,99987.0,7.0,5.0,6.0,1.0,3.0,1.0,0.0,974.0,40.0,0.0,274.6788544654846
1.0,4.0,99987.0,7.0,5.0,6.0,1.0,4.0,1.0,0.0,974.0,40.0,0.0,274.6788544654846
1.0,5.0,99987.0,7.0,5.0,6.0,1.0,0.0,1.0,0.0,974.0,40.0,0.0,276.34130024909973
1.0,5.0,99987.0,7.0,5.0,6.0,1.0,1.0,1.0,0.0,974.0,40.0,0.0,276.34130024909973
1.0,5.0,99987.0,7.0,5.0,6.0,1.0,2.0,1.0,0.0,974.0,40.0,0.0,276.34130024909973
1.0,5.0,99987.0,7.0,5.0,6.0,1.0,3.0,1.0,0.0,974.0,40.0,0.0,276.34130024909973
1.0,5.0,99987.0,7.0,5.0,6.0,1.0,4.0,1.0,0.0,974.0,40.0,0.0,276.34130024909973
0.0,5.0,99987.0,7.0,5.0,6.0,1.0,0.0,1.0,0.0,974.0,40.0,0.0,278.23687505722046
0.0,5.0,99987.0,7.0,5.0,6.0,1.0,1.0,1.0,0.0,974.0,40.0,0.0,278.23687505722046
0.0,5.0,99987.0,7.0,5.0,6.0,1.0,2.0,1.0,0.0,974.0,40.0,0.0,278.23687505722046
0.0,5.0,99987.0,7.0,5.0,6.0,1.0,3.0,1.0,0.0,974.0,40.0,0.0,278.23687505722046
0.0,5.0,99987.0,7.0,5.0,6.0,1.0,4.0,1.0,0.0,974.0,40.0,0.0,278.23687505722046
0.0,6.0,99987.0,7.0,5.0,6.0,1.0,0.0,1.0,0.0,974.0,40.0,0.0,281.59079599380493
0.0,6.0,99987.0,7.0,5.0,6.0,1.0,1.0,1.0,0.0,974.0,40.0,0.0,281.59079599380493
0.0,6.0,99987.0,7.0,5.0,6.0,1.0,2.0,1.0,0.0,974.0,40.0,0.0,281.59079599380493
0.0,6.0,99987.0,7.0,5.0,6.0,1.0,3.0,1.0,0.0,974.0,40.0,0.0,281.59079599380493
0.0,6.0,99987.0,7.0,5.0,6.0,1.0,4.0,1.0,0.0,974.0,40.0,0.0,281.59079599380493
1.0,6.0,99987.0,7.0,5.0,6.0,1.0,0.0,1.0,0.0,974.0,40.0,0.0,283.2797374725342
1.0,6.0,99987.0,7.0,5.0,6.0,1.0,1.0,1.0,0.0,974.0,40.0,0.0,283.2797374725342
1.0,6.0,99987.0,7.0,5.0,6.0,1.0,2.0,1.0,0.0,974.0,40.0,0.0,283.2797374725342
1.0,6.0,99987.0,7.0,5.0,6.0,1.0,3.0,1.0,0.0,974.0,40.0,0.0,283.2797374725342
1.0,6.0,99987.0,7.0,5.0,6.0,1.0,4.0,1.0,0.0,974.0,40.0,0.0,283.2797374725342
1.0,6.0,99987.0,7.0,5.0,6.0,2.0,0.0,1.0,0.0,974.0,40.0,0.0,286.90247082710266
1.0,6.0,99987.0,7.0,5.0,6.0,2.0,1.0,1.0,0.0,974.0,40.0,0.0,286.90247082710266
1.0,6.0,99987.0,7.0,5.0,6.0,2.0,2.0,1.0,0.0,974.0,40.0,0.0,286.90247082710266
1.0,6.0,99987.0,7.0,5.0,6.0,2.0,3.0,1.0,0.0,974.0,40.0,0.0,286.90247082710266
1.0,6.0,99987.0,7.0,5.0,6.0,2.0,4.0,1.0,0.0,974.0,40.0,0.0,286.90247082710266
1.0,6.0,99987.0,7.0,5.0,7.0,2.0,0.0,1.0,0.0,974.0,40.0,0.0,295.06230664253235
1.0,6.0,99987.0,7.0,5.0,7.0,2.0,1.0,1.0,0.0,974.0,40.0,0.0,295.06230664253235
1.0,6.0,99987.0,7.0,5.0,7.0,2.0,2.0,1.0,0.0,974.0,40.0,0.0,295.06230664253235
1.0,6.0,99987.0,7.0,5.0,7.0,2.0,3.0,1.0,0.0,974.0,40.0,0.0,295.06230664253235
1.0,6.0,99987.0,7.0,5.0,7.0,2.0,4.0,1.0,0.0,974.0,40.0,0.0,295.06230664253235
0.0,4.0,326857.0,12.0,2.0,12.0,0.0,0.0,1.0,0.0,2415.0,65.0,39.0,296.73521161079407
0.0,4.0,326857.0,12.0,2.0,12.0,0.0,1.0,1.0,0.0,2415.0,65.0,39.0,296.73521161079407
0.0,4.0,326857.0,12.0,2.0,12.0,0.0,2.0,1.0,0.0,2415.0,65.0,39.0,296.73521161079407
0.0,4.0,326857.0,12.0,2.0,12.0,0.0,3.0,1.0,0.0,2415.0,65.0,39.0,296.73521161079407
0.0,4.0,326857.0,12.0,2.0,12.0,0.0,4.0,1.0,0.0,2415.0,65.0,39.0,296.73521161079407
0.0,4.0,99987.0,12.0,2.0,13.0,0.0,0.0,1.0,0.0,974.0,65.0,39.0,298.5133762359619
0.0,4.0,99987.0,12.0,2.0,13.0,0.0,1.0,1.0,0.0,974.0,65.0,39.0,298.5133762359619
0.0,4.0,99987.0,12.0,2.0,13.0,0.0,2.0,1.0,0.0,974.0,65.0,39.0,298.5133762359619
0.0,4.0,99987.0,12.0,2.0,13.0,0.0,3.0,1.0,0.0,974.0,65.0,39.0,298.5133762359619
0.0,4.0,99987.0,12.0,2.0,13.0,0.0,4.0,1.0,0.0,974.0,65.0,39.0,298.5133762359619
0.0,4.0,99987.0,12.0,2.0,13.0,0.0,0.0,1.0,0.0,974.0,66.0,39.0,300.22544717788696
0.0,4.0,99987.0,12.0,2.0,13.0,0.0,1.0,1.0,0.0,974.0,66.0,39.0,300.22544717788696
0.0,4.0,99987.0,12.0,2.0,13.0,0.0,2.0,1.0,0.0,974.0,66.0,39.0,300.22544717788696
0.0,4.0,99987.0,12.0,2.0,13.0,0.0,3.0,1.0,0.0,974.0,66.0,39.0,300.22544717788696
0.0,4.0,99987.0,12.0,2.0,13.0,0.0,4.0,1.0,0.0,974.0,66.0,39.0,300.22544717788696
0.0,4.0,99987.0,12.0,2.0,13.0,0.0,0.0,1.0,0.0,974.0,67.0,39.0,301.9165873527527
0.0,4.0,99987.0,12.0,2.0,13.0,0.0,1.0,1.0,0.0,974.0,67.0,39.0,301.9165873527527
0.0,4.0,99987.0,12.0,2.0,13.0,0.0,2.0,1.0,0.0,974.0,67.0,39.0,301.9165873527527
0.0,4.0,99987.0,12.0,2.0,13.0,0.0,3.0,1.0,0.0,974.0,67.0,39.0,301.9165873527527
0.0,4.0,99987.0,12.0,2.0,13.0,0.0,4.0,1.0,0.0,974.0,67.0,39.0,301.9165873527527
0.0,4.0,99987.0,12.0,1.0,13.0,0.0,0.0,1.0,0.0,974.0,67.0,39.0,303.68480610847473
0.0,4.0,99987.0,12.0,1.0,13.0,0.0,1.0,1.0,0.0,974.0,67.0,39.0,303.68480610847473
0.0,4.0,99987.0,12.0,1.0,13.0,0.0,2.0,1.0,0.0,974.0,67.0,39.0,303.68480610847473
0.0,4.0,99987.0,12.0,1.0,13.0,0.0,3.0,1.0,0.0,974.0,67.0,39.0,303.68480610847473
0.0,4.0,99987.0,12.0,1.0,13.0,0.0,4.0,1.0,0.0,974.0,67.0,39.0,303.68480610847473
0.0,4.0,99987.0,12.0,0.0,13.0,0.0,0.0,1.0,0.0,974.0,67.0,39.0,310.05836057662964
0.0,4.0,99987.0,12.0,0.0,13.0,0.0,1.0,1.0,0.0,974.0,67.0,39.0,310.05836057662964
0.0,4.0,99987.0,12.0,0.0,13.0,0.0,2.0,1.0,0.0,974.0,67.0,39.0,310.05836057662964
0.0,4.0,99987.0,12.0,0.0,13.0,0.0,3.0,1.0,0.0,974.0,67.0,39.0,310.05836057662964
0.0,4.0,99987.0,12.0,0.0,13.0,0.0,4.0,1.0,0.0,974.0,67.0,39.0,310.05836057662964
0.0,4.0,99987.0,11.0,0.0,13.0,0.0,0.0,1.0,0.0,974.0,67.0,39.0,311.7339451313019
0.0,4.0,99987.0,11.0,0.0,13.0,0.0,1.0,1.0,0.0,974.0,67.0,39.0,311.7339451313019
0.0,4.0,99987.0,11.0,0.0,13.0,0.0,2.0,1.0,0.0,974.0,67.0,39.0,311.7339451313019
0.0,4.0,99987.0,11.0,0.0,13.0,0.0,3.0,1.0,0.0,974.0,67.0,39.0,311.7339451313019
0.0,4.0,99987.0,11.0,0.0,13.0,0.0,4.0,1.0,0.0,974.0,67.0,39.0,311.7339451313019
0.0,4.0,99987.0,11.0,1.0,13.0,0.0,0.0,1.0,0.0,974.0,67.0,39.0,315.09294986724854
0.0,4.0,99987.0,11.0,1.0,13.0,0.0,1.0,1.0,0.0,974.0,67.0,39.0,315.09294986724854
0.0,4.0,99987.0,11.0,1.0,13.0,0.0,2.0,1.0,0.0,974.0,67.0,39.0,315.09294986724854
0.0,4.0,99987.0,11.0,1.0,13.0,0.0,3.0,1.0,0.0,974.0,67.0,39.0,315.09294986724854
0.0,4.0,99987.0,11.0,1.0,13.0,0.0,4.0,1.0,0.0,974.0,67.0,39.0,315.09294986724854
0.0,4.0,99987.0,11.0,1.0,12.0,0.0,0.0,1.0,0.0,974.0,67.0,39.0,316.8291771411896
0.0,4.0,99987.0,11.0,1.0,12.0,0.0,1.0,1.0,0.0,974.0,67.0,39.0,316.8291771411896
0.0,4.0,99987.0,11.0,1.0,12.0,0.0,2.0,1.0,0.0,974.0,67.0,39.0,316.8291771411896
0.0,4.0,99987.0,11.0,1.0,12.0,0.0,3.0,1.0,0.0,974.0,67.0,39.0,316.8291771411896
0.0,4.0,99987.0,11.0,1.0,12.0,0.0,4.0,1.0,0.0,974.0,67.0,39.0,316.8291771411896
0.0,4.0,99987.0,11.0,1.0,12.0,0.0,0.0,0.0,0.0,974.0,67.0,39.0,318.5431809425354
0.0,4.0,99987.0,11.0,1.0,12.0,0.0,1.0,0.0,0.0,974.0,67.0,39.0,318.5431809425354
0.0,4.0,99987.0,11.0,1.0,12.0,0.0,2.0,0.0,0.0,974.0,67.0,39.0,318.5431809425354
0.0,4.0,99987.0,11.0,1.0,12.0,0.0,3.0,0.0,0.0,974.0,67.0,39.0,318.5431809425354
0.0,4.0,99987.0,11.0,1.0,12.0,0.0,4.0,0.0,0.0,974.0,67.0,39.0,318.5431809425354
0.0,4.0,140359.0,5.0,0.0,7.0,4.0,0.0,0.0,0.0,3900.0,40.0,39.0,320.17772030830383
0.0,4.0,140359.0,5.0,0.0,7.0,4.0,1.0,0.0,0.0,3900.0,40.0,39.0,320.17772030830383
0.0,4.0,140359.0,5.0,0.0,7.0,4.0,2.0,0.0,0.0,3900.0,40.0,39.0,320.17772030830383
0.0,4.0,140359.0,5.0,0.0,7.0,4.0,3.0,0.0,0.0,3900.0,40.0,39.0,320.17772030830383
0.0,4.0,140359.0,5.0,0.0,7.0,4.0,4.0,0.0,0.0,3900.0,40.0,39.0,320.17772030830383
0.0,4.0,99987.0,5.0,0.0,7.0,4.0,0.0,1.0,0.0,974.0,40.0,39.0,321.90343737602234
0.0,4.0,99987.0,5.0,0.0,7.0,4.0,1.0,1.0,0.0,974.0,40.0,39.0,321.90343737602234
0.0,4.0,99987.0,5.0,0.0,7.0,4.0,2.0,1.0,0.0,974.0,40.0,39.0,321.90343737602234
0.0,4.0,99987.0,5.0,0.0,7.0,4.0,3.0,1.0,0.0,974.0,40.0,39.0,321.90343737602234
0.0,4.0,99987.0,5.0,0.0,7.0,4.0,4.0,1.0,0.0,974.0,40.0,39.0,321.90343737602234
0.0,4.0,99987.0,5.0,1.0,7.0,4.0,0.0,1.0,0.0,974.0,40.0,39.0,323.6757278442383
0.0,4.0,99987.0,5.0,1.0,7.0,4.0,1.0,1.0,0.0,974.0,40.0,39.0,323.6757278442383
0.0,4.0,99987.0,5.0,1.0,7.0,4.0,2.0,1.0,0.0,974.0,40.0,39.0,323.6757278442383
0.0,4.0,99987.0,5.0,1.0,7.0,4.0,3.0,1.0,0.0,974.0,40.0,39.0,323.6757278442383
0.0,4.0,99987.0,5.0,1.0,7.0,4.0,4.0,1.0,0.0,974.0,40.0,39.0,323.6757278442383
0.0,4.0,99987.0,4.0,1.0,7.0,4.0,0.0,1.0,0.0,974.0,40.0,39.0,327.204172372818
0.0,4.0,99987.0,4.0,1.0,7.0,4.0,1.0,1.0,0.0,974.0,40.0,39.0,327.204172372818
0.0,4.0,99987.0,4.0,1.0,7.0,4.0,2.0,1.0,0.0,974.0,40.0,39.0,327.204172372818
0.0,4.0,99987.0,4.0,1.0,7.0,4.0,3.0,1.0,0.0,974.0,40.0,39.0,327.204172372818
0.0,4.0,99987.0,4.0,1.0,7.0,4.0,4.0,1.0,0.0,974.0,40.0,39.0,327.204172372818
0.0,4.0,99987.0,4.0,1.0,6.0,4.0,0.0,1.0,0.0,974.0,40.0,39.0,332.6769723892212
0.0,4.0,99987.0,4.0,1.0,6.0,4.0,1.0,1.0,0.0,974.0,40.0,39.0,332.6769723892212
0.0,4.0,99987.0,4.0,1.0,6.0,4.0,2.0,1.0,0.0,974.0,40.0,39.0,332.6769723892212
0.0,4.0,99987.0,4.0,1.0,6.0,4.0,3.0,1.0,0.0,974.0,40.0,39.0,332.6769723892212
0.0,4.0,99987.0,4.0,1.0,6.0,4.0,4.0,1.0,0.0,974.0,40.0,39.0,332.6769723892212
0.0,4.0,99987.0,4.0,1.0,6.0,3.0,0.0,1.0,0.0,974.0,40.0,39.0,336.62605142593384
0.0,4.0,99987.0,4.0,1.0,6.0,3.0,1.0,1.0,0.0,974.0,40.0,39.0,336.62605142593384
0.0,4.0,99987.0,4.0,1.0,6.0,3.0,2.0,1.0,0.0,974.0,40.0,39.0,336.62605142593384
0.0,4.0,99987.0,4.0,1.0,6.0,3.0,3.0,1.0,0.0,974.0,40.0,39.0,336.62605142593384
0.0,4.0,99987.0,4.0,1.0,6.0,3.0,4.0,1.0,0.0,974.0,40.0,39.0,336.62605142593384
0.0,5.0,56248.0,9.0,2.0,5.0,0.0,0.0,1.0,0.0,2415.0,60.0,39.0,340.0449719429016
0.0,5.0,56248.0,9.0,2.0,5.0,0.0,1.0,1.0,0.0,2415.0,60.0,39.0,340.0449719429016
0.0,5.0,56248.0,9.0,2.0,5.0,0.0,2.0,1.0,0.0,2415.0,60.0,39.0,340.0449719429016
0.0,5.0,56248.0,9.0,2.0,5.0,0.0,3.0,1.0,0.0,2415.0,60.0,39.0,340.0449719429016
0.0,5.0,56248.0,9.0,2.0,5.0,0.0,4.0,1.0,0.0,2415.0,60.0,39.0,340.0449719429016
0.0,5.0,99987.0,9.0,2.0,5.0,0.0,0.0,1.0,0.0,974.0,60.0,39.0,341.8429732322693
0.0,5.0,99987.0,9.0,2.0,5.0,0.0,1.0,1.0,0.0,974.0,60.0,39.0,341.8429732322693
0.0,5.0,99987.0,9.0,2.0,5.0,0.0,2.0,1.0,0.0,974.0,60.0,39.0,341.8429732322693
0.0,5.0,99987.0,9.0,2.0,5.0,0.0,3.0,1.0,0.0,974.0,60.0,39.0,341.8429732322693
0.0,5.0,99987.0,9.0,2.0,5.0,0.0,4.0,1.0,0.0,974.0,60.0,39.0,341.8429732322693
0.0,5.0,99987.0,9.0,1.0,5.0,0.0,0.0,1.0,0.0,974.0,60.0,39.0,343.8427577018738
0.0,5.0,99987.0,9.0,1.0,5.0,0.0,1.0,1.0,0.0,974.0,60.0,39.0,343.8427577018738
0.0,5.0,99987.0,9.0,1.0,5.0,0.0,2.0,1.0,0.0,974.0,60.0,39.0,343.8427577018738
0.0,5.0,99987.0,9.0,1.0,5.0,0.0,3.0,1.0,0.0,974.0,60.0,39.0,343.8427577018738
0.0,5.0,99987.0,9.0,1.0,5.0,0.0,4.0,1.0,0.0,974.0,60.0,39.0,343.8427577018738
0.0,5.0,99987.0,9.0,1.0,5.0,0.0,0.0,0.0,0.0,974.0,60.0,39.0,345.8373906612396
0.0,5.0,99987.0,9.0,1.0,5.0,0.0,1.0,0.0,0.0,974.0,60.0,39.0,345.8373906612396
0.0,5.0,99987.0,9.0,1.0,5.0,0.0,2.0,0.0,0.0,974.0,60.0,39.0,345.8373906612396
0.0,5.0,99987.0,9.0,1.0,5.0,0.0,3.0,0.0,0.0,974.0,60.0,39.0,345.8373906612396
0.0,5.0,99987.0,9.0,1.0,5.0,0.0,4.0,0.0,0.0,974.0,60.0,39.0,345.8373906612396
0.0,5.0,99987.0,9.0,1.0,4.0,0.0,0.0,0.0,0.0,974.0,60.0,39.0,351.5526592731476
0.0,5.0,99987.0,9.0,1.0,4.0,0.0,1.0,0.0,0.0,974.0,60.0,39.0,351.5526592731476
0.0,5.0,99987.0,9.0,1.0,4.0,0.0,2.0,0.0,0.0,974.0,60.0,39.0,351.5526592731476
0.0,5.0,99987.0,9.0,1.0,4.0,0.0,3.0,0.0,0.0,974.0,60.0,39.0,351.5526592731476
0.0,5.0,99987.0,9.0,1.0,4.0,0.0,4.0,0.0,0.0,974.0,60.0,39.0,351.5526592731476
0.0,4.0,99987.0,9.0,1.0,4.0,0.0,0.0,0.0,0.0,974.0,60.0,39.0,353.32889580726624
0.0,4.0,99987.0,9.0,1.0,4.0,0.0,1.0,0.0,0.0,974.0,60.0,39.0,353.32889580726624
0.0,4.0,99987.0,9.0,1.0,4.0,0.0,2.0,0.0,0.0,974.0,60.0,39.0,353.32889580726624
0.0,4.0,99987.0,9.0,1.0,4.0,0.0,3.0,0.0,0.0,974.0,60.0,39.0,353.32889580726624
0.0,4.0,99987.0,9.0,1.0,4.0,0.0,4.0,0.0,0.0,974.0,60.0,39.0,353.32889580726624
0.0,4.0,99987.0,9.0,1.0,4.0,1.0,0.0,0.0,0.0,974.0,60.0,39.0,355.31338453292847
0.0,4.0,99987.0,9.0,1.0,4.0,1.0,1.0,0.0,0.0,974.0,60.0,39.0,355.31338453292847
0.0,4.0,99987.0,9.0,1.0,4.0,1.0,2.0,0.0,0.0,974.0,60.0,39.0,355.31338453292847
0.0,4.0,99987.0,9.0,1.0,4.0,1.0,3.0,0.0,0.0,974.0,60.0,39.0,355.31338453292847
0.0,4.0,99987.0,9.0,1.0,4.0,1.0,4.0,0.0,0.0,974.0,60.0,39.0,355.31338453292847
1.0,4.0,188774.0,9.0,4.0,4.0,1.0,0.0,1.0,0.0,2824.0,40.0,39.0,360.41092467308044
1.0,4.0,188774.0,9.0,4.0,4.0,1.0,1.0,1.0,0.0,2824.0,40.0,39.0,360.41092467308044
1.0,4.0,188774.0,9.0,4.0,4.0,1.0,2.0,1.0,0.0,2824.0,40.0,39.0,360.41092467308044
1.0,4.0,188774.0,9.0,4.0,4.0,1.0,3.0,1.0,0.0,2824.0,40.0,39.0,360.41092467308044
1.0,4.0,188774.0,9.0,4.0,4.0,1.0,4.0,1.0,0.0,2824.0,40.0,39.0,360.41092467308044
0.0,4.0,99987.0,9.0,4.0,4.0,1.0,0.0,1.0,0.0,974.0,40.0,39.0,362.1469259262085
0.0,4.0,99987.0,9.0,4.0,4.0,1.0,1.0,1.0,0.0,974.0,40.0,39.0,362.1469259262085
0.0,4.0,99987.0,9.0,4.0,4.0,1.0,2.0,1.0,0.0,974.0,40.0,39.0,362.1469259262085
0.0,4.0,99987.0,9.0,4.0,4.0,1.0,3.0,1.0,0.0,974.0,40.0,39.0,362.1469259262085
0.0,4.0,99987.0,9.0,4.0,4.0,1.0,4.0,1.0,0.0,974.0,40.0,39.0,362.1469259262085
0.0,4.0,99987.0,10.0,4.0,4.0,1.0,0.0,1.0,0.0,974.0,40.0,39.0,363.862033367157
0.0,4.0,99987.0,10.0,4.0,4.0,1.0,1.0,1.0,0.0,974.0,40.0,39.0,363.862033367157
0.0,4.0,99987.0,10.0,4.0,4.0,1.0,2.0,1.0,0.0,974.0,40.0,39.0,363.862033367157
0.0,4.0,99987.0,10.0,4.0,4.0,1.0,3.0,1.0,0.0,974.0,40.0,39.0,363.862033367157
0.0,4.0,99987.0,10.0,4.0,4.0,1.0,4.0,1.0,0.0,974.0,40.0,39.0,363.862033367157
0.0,4.0,99987.0,10.0,4.0,4.0,1.0,0.0,1.0,0.0,973.0,40.0,39.0,365.50183486938477
0.0,4.0,99987.0,10.0,4.0,4.0,1.0,1.0,1.0,0.0,973.0,40.0,39.0,365.50183486938477
0.0,4.0,99987.0,10.0,4.0,4.0,1.0,2.0,1.0,0.0,973.0,40.0,39.0,365.50183486938477
0.0,4.0,99987.0,10.0,4.0,4.0,1.0,3.0,1.0,0.0,973.0,40.0,39.0,365.50183486938477
0.0,4.0,99987.0,10.0,4.0,4.0,1.0,4.0,1.0,0.0,973.0,40.0,39.0,365.50183486938477
0.0,4.0,99987.0,10.0,4.0,4.0,1.0,0.0,0.0,0.0,973.0,40.0,39.0,370.5744240283966
0.0,4.0,99987.0,10.0,4.0,4.0,1.0,1.0,0.0,0.0,973.0,40.0,39.0,370.5744240283966
0.0,4.0,99987.0,10.0,4.0,4.0,1.0,2.0,0.0,0.0,973.0,40.0,39.0,370.5744240283966
0.0,4.0,99987.0,10.0,4.0,4.0,1.0,3.0,0.0,0.0,973.0,40.0,39.0,370.5744240283966
0.0,4.0,99987.0,10.0,4.0,4.0,1.0,4.0,0.0,0.0,973.0,40.0,39.0,370.5744240283966
0.0,4.0,99987.0,10.0,4.0,3.0,1.0,0.0,0.0,0.0,973.0,40.0,39.0,373.9995114803314
0.0,4.0,99987.0,10.0,4.0,3.0,1.0,1.0,0.0,0.0,973.0,40.0,39.0,373.9995114803314
0.0,4.0,99987.0,10.0,4.0,3.0,1.0,2.0,0.0,0.0,973.0,40.0,39.0,373.9995114803314
0.0,4.0,99987.0,10.0,4.0,3.0,1.0,3.0,0.0,0.0,973.0,40.0,39.0,373.9995114803314
0.0,4.0,99987.0,10.0,4.0,3.0,1.0,4.0,0.0,0.0,973.0,40.0,39.0,373.9995114803314
0.0,4.0,99987.0,10.0,4.0,3.0,1.0,0.0,1.0,0.0,973.0,40.0,39.0,375.71151065826416
0.0,4.0,99987.0,10.0,4.0,3.0,1.0,1.0,1.0,0.0,973.0,40.0,39.0,375.71151065826416
0.0,4.0,99987.0,10.0,4.0,3.0,1.0,2.0,1.0,0.0,973.0,40.0,39.0,375.71151065826416
0.0,4.0,99987.0,10.0,4.0,3.0,1.0,3.0,1.0,0.0,973.0,40.0,39.0,375.71151065826416
0.0,4.0,99987.0,10.0,4.0,3.0,1.0,4.0,1.0,0.0,973.0,40.0,39.0,375.71151065826416
1.0,4.0,187870.0,14.0,2.0,10.0,0.0,0.0,1.0,0.0,2415.0,90.0,39.0,379.09857392311096
1.0,4.0,187870.0,14.0,2.0,10.0,0.0,1.0,1.0,0.0,2415.0,90.0,39.0,379.09857392311096
1.0,4.0,187870.0,14.0,2.0,10.0,0.0,2.0,1.0,0.0,2415.0,90.0,39.0,379.09857392311096
1.0,4.0,187870.0,14.0,2.0,10.0,0.0,3.0,1.0,0.0,2415.0,90.0,39.0,379.09857392311096
1.0,4.0,187870.0,14.0,2.0,10.0,0.0,4.0,1.0,0.0,2415.0,90.0,39.0,379.09857392311096
0.0,4.0,99987.0,14.0,2.0,10.0,0.0,0.0,1.0,0.0,974.0,90.0,39.0,380.8728244304657
0.0,4.0,99987.0,14.0,2.0,10.0,0.0,1.0,1.0,0.0,974.0,90.0,39.0,380.8728244304657
0.0,4.0,99987.0,14.0,2.0,10.0,0.0,2.0,1.0,0.0,974.0,90.0,39.0,380.8728244304657
0.0,4.0,99987.0,14.0,2.0,10.0,0.0,3.0,1.0,0.0,974.0,90.0,39.0,380.8728244304657
0.0,4.0,99987.0,14.0,2.0,10.0,0.0,4.0,1.0,0.0,974.0,90.0,39.0,380.8728244304657
0.0,4.0,99987.0,14.0,2.0,9.0,0.0,0.0,1.0,0.0,974.0,90.0,39.0,382.83011746406555
0.0,4.0,99987.0,14.0,2.0,9.0,0.0,1.0,1.0,0.0,974.0,90.0,39.0,382.83011746406555
0.0,4.0,99987.0,14.0,2.0,9.0,0.0,2.0,1.0,0.0,974.0,90.0,39.0,382.83011746406555
0.0,4.0,99987.0,14.0,2.0,9.0,0.0,3.0,1.0,0.0,974.0,90.0,39.0,382.83011746406555
0.0,4.0,99987.0,14.0,2.0,9.0,0.0,4.0,1.0,0.0,974.0,90.0,39.0,382.83011746406555
0.0,4.0,99987.0,14.0,2.0,9.0,0.0,0.0,1.0,0.0,974.0,89.0,39.0,384.5470497608185
0.0,4.0,99987.0,14.0,2.0,9.0,0.0,1.0,1.0,0.0,974.0,89.0,39.0,384.5470497608185
0.0,4.0,99987.0,14.0,2.0,9.0,0.0,2.0,1.0,0.0,974.0,89.0,39.0,384.5470497608185
0.0,4.0,99987.0,14.0,2.0,9.0,0.0,3.0,1.0,0.0,974.0,89.0,39.0,384.5470497608185
0.0,4.0,99987.0,14.0,2.0,9.0,0.0,4.0,1.0,0.0,974.0,89.0,39.0,384.5470497608185
0.0,4.0,99987.0,14.0,2.0,10.0,0.0,0.0,1.0,0.0,974.0,89.0,39.0,387.9553654193878
0.0,4.0,99987.0,14.0,2.0,10.0,0.0,1.0,1.0,0.0,974.0,89.0,39.0,387.9553654193878
0.0,4.0,99987.0,14.0,2.0,10.0,0.0,2.0,1.0,0.0,974.0,89.0,39.0,387.9553654193878
0.0,4.0,99987.0,14.0,2.0,10.0,0.0,3.0,1.0,0.0,974.0,89.0,39.0,387.9553654193878
0.0,4.0,99987.0,14.0,2.0,10.0,0.0,4.0,1.0,0.0,974.0,89.0,39.0,387.9553654193878
0.0,4.0,99987.0,14.0,2.0,11.0,0.0,0.0,1.0,0.0,974.0,89.0,39.0,389.6784417629242
0.0,4.0,99987.0,14.0,2.0,11.0,0.0,1.0,1.0,0.0,974.0,89.0,39.0,389.6784417629242
0.0,4.0,99987.0,14.0,2.0,11.0,0.0,2.0,1.0,0.0,974.0,89.0,39.0,389.6784417629242
0.0,4.0,99987.0,14.0,2.0,11.0,0.0,3.0,1.0,0.0,974.0,89.0,39.0,389.6784417629242
0.0,4.0,99987.0,14.0,2.0,11.0,0.0,4.0,1.0,0.0,974.0,89.0,39.0,389.6784417629242
0.0,4.0,99987.0,14.0,2.0,11.0,0.0,0.0,1.0,0.0,973.0,89.0,39.0,394.8119373321533
0.0,4.0,99987.0,14.0,2.0,11.0,0.0,1.0,1.0,0.0,973.0,89.0,39.0,394.8119373321533
0.0,4.0,99987.0,14.0,2.0,11.0,0.0,2.0,1.0,0.0,973.0,89.0,39.0,394.8119373321533
0.0,4.0,99987.0,14.0,2.0,11.0,0.0,3.0,1.0,0.0,973.0,89.0,39.0,394.8119373321533
0.0,4.0,99987.0,14.0,2.0,11.0,0.0,4.0,1.0,0.0,973.0,89.0,39.0,394.8119373321533
0.0,4.0,264663.0,15.0,5.0,10.0,3.0,0.0,0.0,0.0,3900.0,40.0,39.0,398.3938112258911
0.0,4.0,264663.0,15.0,5.0,10.0,3.0,1.0,0.0,0.0,3900.0,40.0,39.0,398.3938112258911
0.0,4.0,264663.0,15.0,5.0,10.0,3.0,2.0,0.0,0.0,3900.0,40.0,39.0,398.3938112258911
0.0,4.0,264663.0,15.0,5.0,10.0,3.0,3.0,0.0,0.0,3900.0,40.0,39.0,398.3938112258911
0.0,4.0,264663.0,15.0,5.0,10.0,3.0,4.0,0.0,0.0,3900.0,40.0,39.0,398.3938112258911
0.0,4.0,99987.0,14.0,5.0,10.0,3.0,0.0,0.0,0.0,974.0,40.0,39.0,400.0041227340698
0.0,4.0,99987.0,14.0,5.0,10.0,3.0,1.0,0.0,0.0,974.0,40.0,39.0,400.0041227340698
0.0,4.0,99987.0,14.0,5.0,10.0,3.0,2.0,0.0,0.0,974.0,40.0,39.0,400.0041227340698
0.0,4.0,99987.0,14.0,5.0,10.0,3.0,3.0,0.0,0.0,974.0,40.0,39.0,400.0041227340698
0.0,4.0,99987.0,14.0,5.0,10.0,3.0,4.0,0.0,0.0,974.0,40.0,39.0,400.0041227340698
0.0,4.0,99987.0,14.0,5.0,11.0,3.0,0.0,0.0,0.0,974.0,40.0,39.0,401.7274580001831
0.0,4.0,99987.0,14.0,5.0,11.0,3.0,1.0,0.0,0.0,974.0,40.0,39.0,401.7274580001831
0.0,4.0,99987.0,14.0,5.0,11.0,3.0,2.0,0.0,0.0,974.0,40.0,39.0,401.7274580001831
0.0,4.0,99987.0,14.0,5.0,11.0,3.0,3.0,0.0,0.0,974.0,40.0,39.0,401.7274580001831
0.0,4.0,99987.0,14.0,5.0,11.0,3.0,4.0,0.0,0.0,974.0,40.0,39.0,401.7274580001831
0.0,4.0,99987.0,14.0,5.0,11.0,3.0,0.0,1.0,0.0,974.0,40.0,39.0,403.38233733177185
0.0,4.0,99987.0,14.0,5.0,11.0,3.0,1.0,1.0,0.0,974.0,40.0,39.0,403.38233733177185
0.0,4.0,99987.0,14.0,5.0,11.0,3.0,2.0,1.0,0.0,974.0,40.0,39.0,403.38233733177185
0.0,4.0,99987.0,14.0,5.0,11.0,3.0,3.0,1.0,0.0,974.0,40.0,39.0,403.38233733177185
0.0,4.0,99987.0,14.0,5.0,11.0,3.0,4.0,1.0,0.0,974.0,40.0,39.0,403.38233733177185
0.0,4.0,99987.0,13.0,5.0,11.0,3.0,0.0,1.0,0.0,974.0,40.0,39.0,404.9896275997162
0.0,4.0,99987.0,13.0,5.0,11.0,3.0,1.0,1.0,0.0,974.0,40.0,39.0,404.9896275997162
0.0,4.0,99987.0,13.0,5.0,11.0,3.0,2.0,1.0,0.0,974.0,40.0,39.0,404.9896275997162
0.0,4.0,99987.0,13.0,5.0,11.0,3.0,3.0,1.0,0.0,974.0,40.0,39.0,404.9896275997162
0.0,4.0,99987.0,13.0,5.0,11.0,3.0,4.0,1.0,0.0,974.0,40.0,39.0,404.9896275997162
0.0,4.0,99987.0,13.0,6.0,11.0,3.0,0.0,1.0,0.0,974.0,40.0,39.0,406.65210008621216
0.0,4.0,99987.0,13.0,6.0,11.0,3.0,1.0,1.0,0.0,974.0,40.0,39.0,406.65210008621216
0.0,4.0,99987.0,13.0,6.0,11.0,3.0,2.0,1.0,0.0,974.0,40.0,39.0,406.65210008621216
0.0,4.0,99987.0,13.0,6.0,11.0,3.0,3.0,1.0,0.0,974.0,40.0,39.0,406.65210008621216
0.0,4.0,99987.0,13.0,6.0,11.0,3.0,4.0,1.0,0.0,974.0,40.0,39.0,406.65210008621216
0.0,4.0,99987.0,13.0,6.0,11.0,3.0,0.0,1.0,0.0,974.0,41.0,39.0,408.305135011673
0.0,4.0,99987.0,13.0,6.0,11.0,3.0,1.0,1.0,0.0,974.0,41.0,39.0,408.305135011673
0.0,4.0,99987.0,13.0,6.0,11.0,3.0,2.0,1.0,0.0,974.0,41.0,39.0,408.305135011673
0.0,4.0,99987.0,13.0,6.0,11.0,3.0,3.0,1.0,0.0,974.0,41.0,39.0,408.305135011673
0.0,4.0,99987.0,13.0,6.0,11.0,3.0,4.0,1.0,0.0,974.0,41.0,39.0,408.305135011673
0.0,4.0,99987.0,12.0,6.0,11.0,3.0,0.0,1.0,0.0,974.0,41.0,39.0,409.9581081867218
0.0,4.0,99987.0,12.0,6.0,11.0,3.0,1.0,1.0,0.0,974.0,41.0,39.0,409.9581081867218
0.0,4.0,99987.0,12.0,6.0,11.0,3.0,2.0,1.0,0.0,974.0,41.0,39.0,409.9581081867218
0.0,4.0,99987.0,12.0,6.0,11.0,3.0,3.0,1.0,0.0,974.0,41.0,39.0,409.9581081867218
0.0,4.0,99987.0,12.0,6.0,11.0,3.0,4.0,1.0,0.0,974.0,41.0,39.0,409.9581081867218
0.0,4.0,99987.0,12.0,6.0,11.0,3.0,0.0,1.0,1.0,974.0,41.0,39.0,411.59874653816223
0.0,4.0,99987.0,12.0,6.0,11.0,3.0,1.0,1.0,1.0,974.0,41.0,39.0,411.59874653816223
0.0,4.0,99987.0,12.0,6.0,11.0,3.0,2.0,1.0,1.0,974.0,41.0,39.0,411.59874653816223
0.0,4.0,99987.0,12.0,6.0,11.0,3.0,3.0,1.0,1.0,974.0,41.0,39.0,411.59874653816223
0.0,4.0,99987.0,12.0,6.0,11.0,3.0,4.0,1.0,1.0,974.0,41.0,39.0,411.59874653816223
0.0,4.0,99987.0,12.0,6.0,11.0,3.0,0.0,1.0,1.0,974.0,42.0,39.0,413.2353370189667
0.0,4.0,99987.0,12.0,6.0,11.0,3.0,1.0,1.0,1.0,974.0,42.0,39.0,413.2353370189667
0.0,4.0,99987.0,12.0,6.0,11.0,3.0,2.0,1.0,1.0,974.0,42.0,39.0,413.2353370189667
0.0,4.0,99987.0,12.0,6.0,11.0,3.0,3.0,1.0,1.0,974.0,42.0,39.0,413.2353370189667
0.0,4.0,99987.0,12.0,6.0,11.0,3.0,4.0,1.0,1.0,974.0,42.0,39.0,413.2353370189667
0.0,4.0,99987.0,12.0,5.0,11.0,3.0,0.0,1.0,1.0,974.0,42.0,39.0,415.0030326843262
0.0,4.0,99987.0,12.0,5.0,11.0,3.0,1.0,1.0,1.0,974.0,42.0,39.0,415.0030326843262
0.0,4.0,99987.0,12.0,5.0,11.0,3.0,2.0,1.0,1.0,974.0,42.0,39.0,415.0030326843262
0.0,4.0,99987.0,12.0,5.0,11.0,3.0,3.0,1.0,1.0,974.0,42.0,39.0,415.0030326843262
0.0,4.0,99987.0,12.0,5.0,11.0,3.0,4.0,1.0,1.0,974.0,42.0,39.0,415.0030326843262
1.0,4.0,148524.0,11.0,2.0,14.0,0.0,0.0,1.0,0.0,2057.0,40.0,39.0,416.9740846157074
1.0,4.0,148524.0,11.0,2.0,14.0,0.0,1.0,1.0,0.0,2057.0,40.0,39.0,416.9740846157074
1.0,4.0,148524.0,11.0,2.0,14.0,0.0,2.0,1.0,0.0,2057.0,40.0,39.0,416.9740846157074
1.0,4.0,148524.0,11.0,2.0,14.0,0.0,3.0,1.0,0.0,2057.0,40.0,39.0,416.9740846157074
1.0,4.0,148524.0,11.0,2.0,14.0,0.0,4.0,1.0,0.0,2057.0,40.0,39.0,416.9740846157074
1.0,4.0,99987.0,11.0,2.0,14.0,0.0,0.0,0.0,0.0,974.0,40.0,39.0,418.76064467430115
1.0,4.0,99987.0,11.0,2.0,14.0,0.0,1.0,0.0,0.0,974.0,40.0,39.0,418.76064467430115
1.0,4.0,99987.0,11.0,2.0,14.0,0.0,2.0,0.0,0.0,974.0,40.0,39.0,418.76064467430115
1.0,4.0,99987.0,11.0,2.0,14.0,0.0,3.0,0.0,0.0,974.0,40.0,39.0,418.76064467430115
1.0,4.0,99987.0,11.0,2.0,14.0,0.0,4.0,0.0,0.0,974.0,40.0,39.0,418.76064467430115
1.0,4.0,99987.0,11.0,2.0,13.0,0.0,0.0,0.0,0.0,974.0,40.0,39.0,422.3863778114319
1.0,4.0,99987.0,11.0,2.0,13.0,0.0,1.0,0.0,0.0,974.0,40.0,39.0,422.3863778114319
1.0,4.0,99987.0,11.0,2.0,13.0,0.0,2.0,0.0,0.0,974.0,40.0,39.0,422.3863778114319
1.0,4.0,99987.0,11.0,2.0,13.0,0.0,3.0,0.0,0.0,974.0,40.0,39.0,422.3863778114319
1.0,4.0,99987.0,11.0,2.0,13.0,0.0,4.0,0.0,0.0,974.0,40.0,39.0,422.3863778114319
1.0,5.0,99987.0,11.0,2.0,13.0,0.0,0.0,0.0,0.0,974.0,40.0,39.0,425.911746263504
1.0,5.0,99987.0,11.0,2.0,13.0,0.0,1.0,0.0,0.0,974.0,40.0,39.0,425.911746263504
1.0,5.0,99987.0,11.0,2.0,13.0,0.0,2.0,0.0,0.0,974.0,40.0,39.0,425.911746263504
1.0,5.0,99987.0,11.0,2.0,13.0,0.0,3.0,0.0,0.0,974.0,40.0,39.0,425.911746263504
1.0,5.0,99987.0,11.0,2.0,13.0,0.0,4.0,0.0,0.0,974.0,40.0,39.0,425.911746263504
1.0,5.0,99987.0,11.0,2.0,13.0,0.0,0.0,1.0,0.0,974.0,40.0,39.0,427.6891918182373
1.0,5.0,99987.0,11.0,2.0,13.0,0.0,1.0,1.0,0.0,974.0,40.0,39.0,427.6891918182373
1.0,5.0,99987.0,11.0,2.0,13.0,0.0,2.0,1.0,0.0,974.0,40.0,39.0,427.6891918182373
1.0,5.0,99987.0,11.0,2.0,13.0,0.0,3.0,1.0,0.0,974.0,40.0,39.0,427.6891918182373
1.0,5.0,99987.0,11.0,2.0,13.0,0.0,4.0,1.0,0.0,974.0,40.0,39.0,427.6891918182373
1.0,5.0,99987.0,11.0,2.0,13.0,1.0,0.0,1.0,0.0,974.0,40.0,39.0,433.0037705898285
1.0,5.0,99987.0,11.0,2.0,13.0,1.0,1.0,1.0,0.0,974.0,40.0,39.0,433.0037705898285
1.0,5.0,99987.0,11.0,2.0,13.0,1.0,2.0,1.0,0.0,974.0,40.0,39.0,433.0037705898285
1.0,5.0,99987.0,11.0,2.0,13.0,1.0,3.0,1.0,0.0,974.0,40.0,39.0,433.0037705898285
1.0,5.0,99987.0,11.0,2.0,13.0,1.0,4.0,1.0,0.0,974.0,40.0,39.0,433.0037705898285
1.0,5.0,99987.0,11.0,2.0,13.0,1.0,0.0,0.0,0.0,974.0,40.0,39.0,434.8120310306549
1.0,5.0,99987.0,11.0,2.0,13.0,1.0,1.0,0.0,0.0,974.0,40.0,39.0,434.8120310306549
1.0,5.0,99987.0,11.0,2.0,13.0,1.0,2.0,0.0,0.0,974.0,40.0,39.0,434.8120310306549
1.0,5.0,99987.0,11.0,2.0,13.0,1.0,3.0,0.0,0.0,974.0,40.0,39.0,434.8120310306549
1.0,5.0,99987.0,11.0,2.0,13.0,1.0,4.0,0.0,0.0,974.0,40.0,39.0,434.8120310306549
1.0,5.0,107164.0,0.0,4.0,14.0,1.0,0.0,1.0,0.0,2559.0,50.0,39.0,436.4813804626465
1.0,5.0,107164.0,0.0,4.0,14.0,1.0,1.0,1.0,0.0,2559.0,50.0,39.0,436.4813804626465
1.0,5.0,107164.0,0.0,4.0,14.0,1.0,2.0,1.0,0.0,2559.0,50.0,39.0,436.4813804626465
1.0,5.0,107164.0,0.0,4.0,14.0,1.0,3.0,1.0,0.0,2559.0,50.0,39.0,436.4813804626465
1.0,5.0,107164.0,0.0,4.0,14.0,1.0,4.0,1.0,0.0,2559.0,50.0,39.0,436.4813804626465
1.0,5.0,99987.0,0.0,4.0,14.0,1.0,0.0,0.0,0.0,974.0,50.0,39.0,438.1866292953491
1.0,5.0,99987.0,0.0,4.0,14.0,1.0,1.0,0.0,0.0,974.0,50.0,39.0,438.1866292953491
1.0,5.0,99987.0,0.0,4.0,14.0,1.0,2.0,0.0,0.0,974.0,50.0,39.0,438.1866292953491
1.0,5.0,99987.0,0.0,4.0,14.0,1.0,3.0,0.0,0.0,974.0,50.0,39.0,438.1866292953491
1.0,5.0,99987.0,0.0,4.0,14.0,1.0,4.0,0.0,0.0,974.0,50.0,39.0,438.1866292953491
1.0,5.0,99987.0,1.0,4.0,14.0,1.0,0.0,0.0,0.0,974.0,50.0,39.0,441.82917070388794
1.0,5.0,99987.0,1.0,4.0,14.0,1.0,1.0,0.0,0.0,974.0,50.0,39.0,441.82917070388794
1.0,5.0,99987.0,1.0,4.0,14.0,1.0,2.0,0.0,0.0,974.0,50.0,39.0,441.82917070388794
1.0,5.0,99987.0,1.0,4.0,14.0,1.0,3.0,0.0,0.0,974.0,50.0,39.0,441.82917070388794
1.0,5.0,99987.0,1.0,4.0,14.0,1.0,4.0,0.0,0.0,974.0,50.0,39.0,441.82917070388794
0.0,5.0,99987.0,1.0,4.0,14.0,1.0,0.0,0.0,0.0,974.0,50.0,39.0,443.60353779792786
0.0,5.0,99987.0,1.0,4.0,14.0,1.0,1.0,0.0,0.0,974.0,50.0,39.0,443.60353779792786
0.0,5.0,99987.0,1.0,4.0,14.0,1.0,2.0,0.0,0.0,974.0,50.0,39.0,443.60353779792786
0.0,5.0,99987.0,1.0,4.0,14.0,1.0,3.0,0.0,0.0,974.0,50.0,39.0,443.60353779792786
0.0,5.0,99987.0,1.0,4.0,14.0,1.0,4.0,0.0,0.0,974.0,50.0,39.0,443.60353779792786
0.0,5.0,99987.0,1.0,4.0,14.0,2.0,0.0,0.0,0.0,974.0,50.0,39.0,445.5306270122528
0.0,5.0,99987.0,1.0,4.0,14.0,2.0,1.0,0.0,0.0,974.0,50.0,39.0,445.5306270122528
0.0,5.0,99987.0,1.0,4.0,14.0,2.0,2.0,0.0,0.0,974.0,50.0,39.0,445.5306270122528
0.0,5.0,99987.0,1.0,4.0,14.0,2.0,3.0,0.0,0.0,974.0,50.0,39.0,445.5306270122528
0.0,5.0,99987.0,1.0,4.0,14.0,2.0,4.0,0.0,0.0,974.0,50.0,39.0,445.5306270122528
0.0,5.0,99987.0,1.0,4.0,13.0,2.0,0.0,0.0,0.0,974.0,50.0,39.0,447.29437351226807
0.0,5.0,99987.0,1.0,4.0,13.0,2.0,1.0,0.0,0.0,974.0,50.0,39.0,447.29437351226807
0.0,5.0,99987.0,1.0,4.0,13.0,2.0,2.0,0.0,0.0,974.0,50.0,39.0,447.29437351226807
0.0,5.0,99987.0,1.0,4.0,13.0,2.0,3.0,0.0,0.0,974.0,50.0,39.0,447.29437351226807
0.0,5.0,99987.0,1.0,4.0,13.0,2.0,4.0,0.0,0.0,974.0,50.0,39.0,447.29437351226807
0.0,5.0,99987.0,1.0,4.0,13.0,2.0,0.0,0.0,1.0,974.0,50.0,39.0,449.0905249118805
0.0,5.0,99987.0,1.0,4.0,13.0,2.0,1.0,0.0,1.0,974.0,50.0,39.0,449.0905249118805
0.0,5.0,99987.0,1.0,4.0,13.0,2.0,2.0,0.0,1.0,974.0,50.0,39.0,449.0905249118805
0.0,5.0,99987.0,1.0,4.0,13.0,2.0,3.0,0.0,1.0,974.0,50.0,39.0,449.0905249118805
0.0,5.0,99987.0,1.0,4.0,13.0,2.0,4.0,0.0,1.0,974.0,50.0,39.0,449.0905249118805
0.0,4.0,99987.0,1.0,4.0,13.0,2.0,0.0,0.0,1.0,974.0,50.0,39.0,450.8105833530426
0.0,4.0,99987.0,1.0,4.0,13.0,2.0,1.0,0.0,1.0,974.0,50.0,39.0,450.8105833530426
0.0,4.0,99987.0,1.0,4.0,13.0,2.0,2.0,0.0,1.0,974.0,50.0,39.0,450.8105833530426
0.0,4.0,99987.0,1.0,4.0,13.0,2.0,3.0,0.0,1.0,974.0,50.0,39.0,450.8105833530426
0.0,4.0,99987.0,1.0,4.0,13.0,2.0,4.0,0.0,1.0,974.0,50.0,39.0,450.8105833530426
0.0,4.0,177408.0,11.0,2.0,4.0,0.0,0.0,1.0,0.0,2377.0,26.0,39.0,456.27999901771545
0.0,4.0,177408.0,11.0,2.0,4.0,0.0,1.0,1.0,0.0,2377.0,26.0,39.0,456.27999901771545
0.0,4.0,177408.0,11.0,2.0,4.0,0.0,2.0,1.0,0.0,2377.0,26.0,39.0,456.27999901771545
0.0,4.0,177408.0,11.0,2.0,4.0,0.0,3.0,1.0,0.0,2377.0,26.0,39.0,456.27999901771545
0.0,4.0,177408.0,11.0,2.0,4.0,0.0,4.0,1.0,0.0,2377.0,26.0,39.0,456.27999901771545
0.0,5.0,99987.0,11.0,2.0,4.0,0.0,0.0,1.0,0.0,974.0,26.0,39.0,458.12236189842224
0.0,5.0,99987.0,11.0,2.0,4.0,0.0,1.0,1.0,0.0,974.0,26.0,39.0,458.12236189842224
0.0,5.0,99987.0,11.0,2.0,4.0,0.0,2.0,1.0,0.0,974.0,26.0,39.0,458.12236189842224
0.0,5.0,99987.0,11.0,2.0,4.0,0.0,3.0,1.0,0.0,974.0,26.0,39.0,458.12236189842224
0.0,5.0,99987.0,11.0,2.0,4.0,0.0,4.0,1.0,0.0,974.0,26.0,39.0,458.12236189842224
0.0,5.0,99987.0,11.0,2.0,4.0,0.0,0.0,1.0,0.0,974.0,27.0,39.0,459.91041684150696
0.0,5.0,99987.0,11.0,2.0,4.0,0.0,1.0,1.0,0.0,974.0,27.0,39.0,459.91041684150696
0.0,5.0,99987.0,11.0,2.0,4.0,0.0,2.0,1.0,0.0,974.0,27.0,39.0,459.91041684150696
0.0,5.0,99987.0,11.0,2.0,4.0,0.0,3.0,1.0,0.0,974.0,27.0,39.0,459.91041684150696
0.0,5.0,99987.0,11.0,2.0,4.0,0.0,4.0,1.0,0.0,974.0,27.0,39.0,459.91041684150696
0.0,5.0,99987.0,11.0,2.0,4.0,0.0,0.0,0.0,0.0,974.0,27.0,39.0,461.70546770095825
0.0,5.0,99987.0,11.0,2.0,4.0,0.0,1.0,0.0,0.0,974.0,27.0,39.0,461.70546770095825
0.0,5.0,99987.0,11.0,2.0,4.0,0.0,2.0,0.0,0.0,974.0,27.0,39.0,461.70546770095825
0.0,5.0,99987.0,11.0,2.0,4.0,0.0,3.0,0.0,0.0,974.0,27.0,39.0,461.70546770095825
0.0,5.0,99987.0,11.0,2.0,4.0,0.0,4.0,0.0,0.0,974.0,27.0,39.0,461.70546770095825
0.0,5.0,99987.0,11.0,2.0,5.0,0.0,0.0,0.0,0.0,974.0,27.0,39.0,465.93698143959045
0.0,5.0,99987.0,11.0,2.0,5.0,0.0,1.0,0.0,0.0,974.0,27.0,39.0,465.93698143959045
0.0,5.0,99987.0,11.0,2.0,5.0,0.0,2.0,0.0,0.0,974.0,27.0,39.0,465.93698143959045
0.0,5.0,99987.0,11.0,2.0,5.0,0.0,3.0,0.0,0.0,974.0,27.0,39.0,465.93698143959045
0.0,5.0,99987.0,11.0,2.0,5.0,0.0,4.0,0.0,0.0,974.0,27.0,39.0,465.93698143959045
0.0,5.0,99987.0,11.0,3.0,5.0,0.0,0.0,0.0,0.0,974.0,27.0,39.0,467.96775102615356
0.0,5.0,99987.0,11.0,3.0,5.0,0.0,1.0,0.0,0.0,974.0,27.0,39.0,467.96775102615356
0.0,5.0,99987.0,11.0,3.0,5.0,0.0,2.0,0.0,0.0,974.0,27.0,39.0,467.96775102615356
0.0,5.0,99987.0,11.0,3.0,5.0,0.0,3.0,0.0,0.0,974.0,27.0,39.0,467.96775102615356
0.0,5.0,99987.0,11.0,3.0,5.0,0.0,4.0,0.0,0.0,974.0,27.0,39.0,467.96775102615356
0.0,5.0,99987.0,10.0,3.0,5.0,0.0,0.0,0.0,0.0,974.0,27.0,39.0,469.9754137992859
0.0,5.0,99987.0,10.0,3.0,5.0,0.0,1.0,0.0,0.0,974.0,27.0,39.0,469.9754137992859
0.0,5.0,99987.0,10.0,3.0,5.0,0.0,2.0,0.0,0.0,974.0,27.0,39.0,469.9754137992859
0.0,5.0,99987.0,10.0,3.0,5.0,0.0,3.0,0.0,0.0,974.0,27.0,39.0,469.9754137992859
0.0,5.0,99987.0,10.0,3.0,5.0,0.0,4.0,0.0,0.0,974.0,27.0,39.0,469.9754137992859
0.0,5.0,99987.0,10.0,3.0,5.0,0.0,0.0,0.0,0.0,974.0,28.0,39.0,471.77907514572144
0.0,5.0,99987.0,10.0,3.0,5.0,0.0,1.0,0.0,0.0,974.0,28.0,39.0,471.77907514572144
0.0,5.0,99987.0,10.0,3.0,5.0,0.0,2.0,0.0,0.0,974.0,28.0,39.0,471.77907514572144
0.0,5.0,99987.0,10.0,3.0,5.0,0.0,3.0,0.0,0.0,974.0,28.0,39.0,471.77907514572144
0.0,5.0,99987.0,10.0,3.0,5.0,0.0,4.0,0.0,0.0,974.0,28.0,39.0,471.77907514572144
0.0,4.0,99987.0,10.0,3.0,5.0,0.0,0.0,0.0,0.0,974.0,28.0,39.0,473.56390380859375
0.0,4.0,99987.0,10.0,3.0,5.0,0.0,1.0,0.0,0.0,974.0,28.0,39.0,473.56390380859375
0.0,4.0,99987.0,10.0,3.0,5.0,0.0,2.0,0.0,0.0,974.0,28.0,39.0,473.56390380859375
0.0,4.0,99987.0,10.0,3.0,5.0,0.0,3.0,0.0,0.0,974.0,28.0,39.0,473.56390380859375
0.0,4.0,99987.0,10.0,3.0,5.0,0.0,4.0,0.0,0.0,974.0,28.0,39.0,473.56390380859375
0.0,4.0,99987.0,10.0,3.0,6.0,0.0,0.0,0.0,0.0,974.0,28.0,39.0,475.54760456085205
0.0,4.0,99987.0,10.0,3.0,6.0,0.0,1.0,0.0,0.0,974.0,28.0,39.0,475.54760456085205
0.0,4.0,99987.0,10.0,3.0,6.0,0.0,2.0,0.0,0.0,974.0,28.0,39.0,475.54760456085205
0.0,4.0,99987.0,10.0,3.0,6.0,0.0,3.0,0.0,0.0,974.0,28.0,39.0,475.54760456085205
0.0,4.0,99987.0,10.0,3.0,6.0,0.0,4.0,0.0,0.0,974.0,28.0,39.0,475.54760456085205
1.0,4.0,216864.0,11.0,0.0,8.0,4.0,0.0,0.0,0.0,3770.0,45.0,39.0,479.05309200286865
1.0,4.0,216864.0,11.0,0.0,8.0,4.0,1.0,0.0,0.0,3770.0,45.0,39.0,479.05309200286865
1.0,4.0,216864.0,11.0,0.0,8.0,4.0,2.0,0.0,0.0,3770.0,45.0,39.0,479.05309200286865
1.0,4.0,216864.0,11.0,0.0,8.0,4.0,3.0,0.0,0.0,3770.0,45.0,39.0,479.05309200286865
1.0,4.0,216864.0,11.0,0.0,8.0,4.0,4.0,0.0,0.0,3770.0,45.0,39.0,479.05309200286865
1.0,3.0,99987.0,11.0,0.0,8.0,4.0,0.0,0.0,0.0,974.0,45.0,39.0,480.99973940849304
1.0,3.0,99987.0,11.0,0.0,8.0,4.0,1.0,0.0,0.0,974.0,45.0,39.0,480.99973940849304
1.0,3.0,99987.0,11.0,0.0,8.0,4.0,2.0,0.0,0.0,974.0,45.0,39.0,480.99973940849304
1.0,3.0,99987.0,11.0,0.0,8.0,4.0,3.0,0.0,0.0,974.0,45.0,39.0,480.99973940849304
1.0,3.0,99987.0,11.0,0.0,8.0,4.0,4.0,0.0,0.0,974.0,45.0,39.0,480.99973940849304
1.0,2.0,99987.0,11.0,0.0,8.0,4.0,0.0,0.0,0.0,974.0,45.0,39.0,482.6848199367523
1.0,2.0,99987.0,11.0,0.0,8.0,4.0,1.0,0.0,0.0,974.0,45.0,39.0,482.6848199367523
1.0,2.0,99987.0,11.0,0.0,8.0,4.0,2.0,0.0,0.0,974.0,45.0,39.0,482.6848199367523
1.0,2.0,99987.0,11.0,0.0,8.0,4.0,3.0,0.0,0.0,974.0,45.0,39.0,482.6848199367523
1.0,2.0,99987.0,11.0,0.0,8.0,4.0,4.0,0.0,0.0,974.0,45.0,39.0,482.6848199367523
1.0,2.0,99987.0,11.0,0.0,8.0,5.0,0.0,0.0,0.0,974.0,45.0,39.0,486.19218826293945
1.0,2.0,99987.0,11.0,0.0,8.0,5.0,1.0,0.0,0.0,974.0,45.0,39.0,486.19218826293945
1.0,2.0,99987.0,11.0,0.0,8.0,5.0,2.0,0.0,0.0,974.0,45.0,39.0,486.19218826293945
1.0,2.0,99987.0,11.0,0.0,8.0,5.0,3.0,0.0,0.0,974.0,45.0,39.0,486.19218826293945
1.0,2.0,99987.0,11.0,0.0,8.0,5.0,4.0,0.0,0.0,974.0,45.0,39.0,486.19218826293945
1.0,2.0,99987.0,11.0,0.0,8.0,5.0,0.0,0.0,0.0,973.0,45.0,39.0,487.96638917922974
1.0,2.0,99987.0,11.0,0.0,8.0,5.0,1.0,0.0,0.0,973.0,45.0,39.0,487.96638917922974
1.0,2.0,99987.0,11.0,0.0,8.0,5.0,2.0,0.0,0.0,973.0,45.0,39.0,487.96638917922974
1.0,2.0,99987.0,11.0,0.0,8.0,5.0,3.0,0.0,0.0,973.0,45.0,39.0,487.96638917922974
1.0,2.0,99987.0,11.0,0.0,8.0,5.0,4.0,0.0,0.0,973.0,45.0,39.0,487.96638917922974
1.0,3.0,99987.0,11.0,0.0,8.0,5.0,0.0,0.0,0.0,973.0,45.0,39.0,489.67710852622986
1.0,3.0,99987.0,11.0,0.0,8.0,5.0,1.0,0.0,0.0,973.0,45.0,39.0,489.67710852622986
1.0,3.0,99987.0,11.0,0.0,8.0,5.0,2.0,0.0,0.0,973.0,45.0,39.0,489.67710852622986
1.0,3.0,99987.0,11.0,0.0,8.0,5.0,3.0,0.0,0.0,973.0,45.0,39.0,489.67710852622986
1.0,3.0,99987.0,11.0,0.0,8.0,5.0,4.0,0.0,0.0,973.0,45.0,39.0,489.67710852622986
1.0,3.0,99987.0,10.0,0.0,8.0,5.0,0.0,0.0,0.0,973.0,45.0,39.0,491.49984192848206
1.0,3.0,99987.0,10.0,0.0,8.0,5.0,1.0,0.0,0.0,973.0,45.0,39.0,491.49984192848206
1.0,3.0,99987.0,10.0,0.0,8.0,5.0,2.0,0.0,0.0,973.0,45.0,39.0,491.49984192848206
1.0,3.0,99987.0,10.0,0.0,8.0,5.0,3.0,0.0,0.0,973.0,45.0,39.0,491.49984192848206
1.0,3.0,99987.0,10.0,0.0,8.0,5.0,4.0,0.0,0.0,973.0,45.0,39.0,491.49984192848206
1.0,3.0,99987.0,10.0,0.0,8.0,5.0,0.0,0.0,0.0,974.0,45.0,39.0,494.9300925731659
1.0,3.0,99987.0,10.0,0.0,8.0,5.0,1.0,0.0,0.0,974.0,45.0,39.0,494.9300925731659
1.0,3.0,99987.0,10.0,0.0,8.0,5.0,2.0,0.0,0.0,974.0,45.0,39.0,494.9300925731659
1.0,3.0,99987.0,10.0,0.0,8.0,5.0,3.0,0.0,0.0,974.0,45.0,39.0,494.9300925731659
1.0,3.0,99987.0,10.0,0.0,8.0,5.0,4.0,0.0,0.0,974.0,45.0,39.0,494.9300925731659
1.0,4.0,199864.0,15.0,2.0,1.0,5.0,0.0,0.0,0.0,2057.0,40.0,39.0,498.3364288806915
1.0,4.0,199864.0,15.0,2.0,1.0,5.0,1.0,0.0,0.0,2057.0,40.0,39.0,498.3364288806915
1.0,4.0,199864.0,15.0,2.0,1.0,5.0,2.0,0.0,0.0,2057.0,40.0,39.0,498.3364288806915
1.0,4.0,199864.0,15.0,2.0,1.0,5.0,3.0,0.0,0.0,2057.0,40.0,39.0,498.3364288806915
1.0,4.0,199864.0,15.0,2.0,1.0,5.0,4.0,0.0,0.0,2057.0,40.0,39.0,498.3364288806915
1.0,4.0,99987.0,15.0,2.0,1.0,5.0,0.0,1.0,0.0,974.0,40.0,39.0,500.08729696273804
1.0,4.0,99987.0,15.0,2.0,1.0,5.0,1.0,1.0,0.0,974.0,40.0,39.0,500.08729696273804
1.0,4.0,99987.0,15.0,2.0,1.0,5.0,2.0,1.0,0.0,974.0,40.0,39.0,500.08729696273804
1.0,4.0,99987.0,15.0,2.0,1.0,5.0,3.0,1.0,0.0,974.0,40.0,39.0,500.08729696273804
1.0,4.0,99987.0,15.0,2.0,1.0,5.0,4.0,1.0,0.0,974.0,40.0,39.0,500.08729696273804
1.0,4.0,99987.0,15.0,2.0,1.0,5.0,0.0,1.0,0.0,974.0,41.0,39.0,501.8150942325592
1.0,4.0,99987.0,15.0,2.0,1.0,5.0,1.0,1.0,0.0,974.0,41.0,39.0,501.8150942325592
1.0,4.0,99987.0,15.0,2.0,1.0,5.0,2.0,1.0,0.0,974.0,41.0,39.0,501.8150942325592
1.0,4.0,99987.0,15.0,2.0,1.0,5.0,3.0,1.0,0.0,974.0,41.0,39.0,501.8150942325592
1.0,4.0,99987.0,15.0,2.0,1.0,5.0,4.0,1.0,0.0,974.0,41.0,39.0,501.8150942325592
1.0,4.0,99987.0,15.0,2.0,0.0,5.0,0.0,1.0,0.0,974.0,41.0,39.0,503.5257532596588
1.0,4.0,99987.0,15.0,2.0,0.0,5.0,1.0,1.0,0.0,974.0,41.0,39.0,503.5257532596588
1.0,4.0,99987.0,15.0,2.0,0.0,5.0,2.0,1.0,0.0,974.0,41.0,39.0,503.5257532596588
1.0,4.0,99987.0,15.0,2.0,0.0,5.0,3.0,1.0,0.0,974.0,41.0,39.0,503.5257532596588
1.0,4.0,99987.0,15.0,2.0,0.0,5.0,4.0,1.0,0.0,974.0,41.0,39.0,503.5257532596588
1.0,4.0,99987.0,15.0,2.0,0.0,4.0,0.0,1.0,0.0,974.0,41.0,39.0,507.01956963539124
1.0,4.0,99987.0,15.0,2.0,0.0,4.0,1.0,1.0,0.0,974.0,41.0,39.0,507.01956963539124
1.0,4.0,99987.0,15.0,2.0,0.0,4.0,2.0,1.0,0.0,974.0,41.0,39.0,507.01956963539124
1.0,4.0,99987.0,15.0,2.0,0.0,4.0,3.0,1.0,0.0,974.0,41.0,39.0,507.01956963539124
1.0,4.0,99987.0,15.0,2.0,0.0,4.0,4.0,1.0,0.0,974.0,41.0,39.0,507.01956963539124
1.0,5.0,99987.0,15.0,2.0,0.0,4.0,0.0,1.0,0.0,974.0,41.0,39.0,508.8180148601532
1.0,5.0,99987.0,15.0,2.0,0.0,4.0,1.0,1.0,0.0,974.0,41.0,39.0,508.8180148601532
1.0,5.0,99987.0,15.0,2.0,0.0,4.0,2.0,1.0,0.0,974.0,41.0,39.0,508.8180148601532
1.0,5.0,99987.0,15.0,2.0,0.0,4.0,3.0,1.0,0.0,974.0,41.0,39.0,508.8180148601532
1.0,5.0,99987.0,15.0,2.0,0.0,4.0,4.0,1.0,0.0,974.0,41.0,39.0,508.8180148601532
1.0,6.0,99987.0,15.0,2.0,0.0,4.0,0.0,1.0,0.0,974.0,41.0,39.0,512.5768208503723
1.0,6.0,99987.0,15.0,2.0,0.0,4.0,1.0,1.0,0.0,974.0,41.0,39.0,512.5768208503723
1.0,6.0,99987.0,15.0,2.0,0.0,4.0,2.0,1.0,0.0,974.0,41.0,39.0,512.5768208503723
1.0,6.0,99987.0,15.0,2.0,0.0,4.0,3.0,1.0,0.0,974.0,41.0,39.0,512.5768208503723
1.0,6.0,99987.0,15.0,2.0,0.0,4.0,4.0,1.0,0.0,974.0,41.0,39.0,512.5768208503723
1.0,6.0,99987.0,15.0,3.0,0.0,4.0,0.0,1.0,0.0,974.0,41.0,39.0,514.3801119327545
1.0,6.0,99987.0,15.0,3.0,0.0,4.0,1.0,1.0,0.0,974.0,41.0,39.0,514.3801119327545
1.0,6.0,99987.0,15.0,3.0,0.0,4.0,2.0,1.0,0.0,974.0,41.0,39.0,514.3801119327545
1.0,6.0,99987.0,15.0,3.0,0.0,4.0,3.0,1.0,0.0,974.0,41.0,39.0,514.3801119327545
1.0,6.0,99987.0,15.0,3.0,0.0,4.0,4.0,1.0,0.0,974.0,41.0,39.0,514.3801119327545
1.0,4.0,44064.0,15.0,5.0,8.0,1.0,0.0,1.0,0.0,2559.0,40.0,39.0,517.78271317482
1.0,4.0,44064.0,15.0,5.0,8.0,1.0,1.0,1.0,0.0,2559.0,40.0,39.0,517.78271317482
1.0,4.0,44064.0,15.0,5.0,8.0,1.0,2.0,1.0,0.0,2559.0,40.0,39.0,517.78271317482
1.0,4.0,44064.0,15.0,5.0,8.0,1.0,3.0,1.0,0.0,2559.0,40.0,39.0,517.78271317482
1.0,4.0,44064.0,15.0,5.0,8.0,1.0,4.0,1.0,0.0,2559.0,40.0,39.0,517.78271317482
1.0,4.0,99987.0,15.0,5.0,8.0,2.0,0.0,1.0,0.0,974.0,40.0,39.0,519.4410719871521
1.0,4.0,99987.0,15.0,5.0,8.0,2.0,1.0,1.0,0.0,974.0,40.0,39.0,519.4410719871521
1.0,4.0,99987.0,15.0,5.0,8.0,2.0,2.0,1.0,0.0,974.0,40.0,39.0,519.4410719871521
1.0,4.0,99987.0,15.0,5.0,8.0,2.0,3.0,1.0,0.0,974.0,40.0,39.0,519.4410719871521
1.0,4.0,99987.0,15.0,5.0,8.0,2.0,4.0,1.0,0.0,974.0,40.0,39.0,519.4410719871521
1.0,4.0,99987.0,15.0,5.0,9.0,2.0,0.0,1.0,0.0,974.0,40.0,39.0,521.0931429862976
1.0,4.0,99987.0,15.0,5.0,9.0,2.0,1.0,1.0,0.0,974.0,40.0,39.0,521.0931429862976
1.0,4.0,99987.0,15.0,5.0,9.0,2.0,2.0,1.0,0.0,974.0,40.0,39.0,521.0931429862976
1.0,4.0,99987.0,15.0,5.0,9.0,2.0,3.0,1.0,0.0,974.0,40.0,39.0,521.0931429862976
1.0,4.0,99987.0,15.0,5.0,9.0,2.0,4.0,1.0,0.0,974.0,40.0,39.0,521.0931429862976
1.0,4.0,99987.0,15.0,5.0,9.0,2.0,0.0,0.0,0.0,974.0,40.0,39.0,522.8387379646301
1.0,4.0,99987.0,15.0,5.0,9.0,2.0,1.0,0.0,0.0,974.0,40.0,39.0,522.8387379646301
1.0,4.0,99987.0,15.0,5.0,9.0,2.0,2.0,0.0,0.0,974.0,40.0,39.0,522.8387379646301
1.0,4.0,99987.0,15.0,5.0,9.0,2.0,3.0,0.0,0.0,974.0,40.0,39.0,522.8387379646301
1.0,4.0,99987.0,15.0,5.0,9.0,2.0,4.0,0.0,0.0,974.0,40.0,39.0,522.8387379646301
1.0,4.0,99987.0,15.0,5.0,9.0,2.0,0.0,0.0,0.0,973.0,40.0,39.0,524.4635121822357
1.0,4.0,99987.0,15.0,5.0,9.0,2.0,1.0,0.0,0.0,973.0,40.0,39.0,524.4635121822357
1.0,4.0,99987.0,15.0,5.0,9.0,2.0,2.0,0.0,0.0,973.0,40.0,39.0,524.4635121822357
1.0,4.0,99987.0,15.0,5.0,9.0,2.0,3.0,0.0,0.0,973.0,40.0,39.0,524.4635121822357
1.0,4.0,99987.0,15.0,5.0,9.0,2.0,4.0,0.0,0.0,973.0,40.0,39.0,524.4635121822357
1.0,4.0,99987.0,15.0,5.0,9.0,2.0,0.0,0.0,0.0,973.0,39.0,39.0,526.10427069664
1.0,4.0,99987.0,15.0,5.0,9.0,2.0,1.0,0.0,0.0,973.0,39.0,39.0,526.10427069664
1.0,4.0,99987.0,15.0,5.0,9.0,2.0,2.0,0.0,0.0,973.0,39.0,39.0,526.10427069664
1.0,4.0,99987.0,15.0,5.0,9.0,2.0,3.0,0.0,0.0,973.0,39.0,39.0,526.10427069664
1.0,4.0,99987.0,15.0,5.0,9.0,2.0,4.0,0.0,0.0,973.0,39.0,39.0,526.10427069664
0.0,4.0,99987.0,15.0,5.0,9.0,2.0,0.0,0.0,0.0,973.0,39.0,39.0,527.8149950504303
0.0,4.0,99987.0,15.0,5.0,9.0,2.0,1.0,0.0,0.0,973.0,39.0,39.0,527.8149950504303
0.0,4.0,99987.0,15.0,5.0,9.0,2.0,2.0,0.0,0.0,973.0,39.0,39.0,527.8149950504303
0.0,4.0,99987.0,15.0,5.0,9.0,2.0,3.0,0.0,0.0,973.0,39.0,39.0,527.8149950504303
0.0,4.0,99987.0,15.0,5.0,9.0,2.0,4.0,0.0,0.0,973.0,39.0,39.0,527.8149950504303
0.0,4.0,99987.0,15.0,5.0,9.0,2.0,0.0,0.0,0.0,973.0,38.0,39.0,529.603483915329
0.0,4.0,99987.0,15.0,5.0,9.0,2.0,1.0,0.0,0.0,973.0,38.0,39.0,529.603483915329
0.0,4.0,99987.0,15.0,5.0,9.0,2.0,2.0,0.0,0.0,973.0,38.0,39.0,529.603483915329
0.0,4.0,99987.0,15.0,5.0,9.0,2.0,3.0,0.0,0.0,973.0,38.0,39.0,529.603483915329
0.0,4.0,99987.0,15.0,5.0,9.0,2.0,4.0,0.0,0.0,973.0,38.0,39.0,529.603483915329
0.0,4.0,99987.0,15.0,4.0,9.0,2.0,0.0,0.0,0.0,973.0,38.0,39.0,531.256838798523
0.0,4.0,99987.0,15.0,4.0,9.0,2.0,1.0,0.0,0.0,973.0,38.0,39.0,531.256838798523
0.0,4.0,99987.0,15.0,4.0,9.0,2.0,2.0,0.0,0.0,973.0,38.0,39.0,531.256838798523
0.0,4.0,99987.0,15.0,4.0,9.0,2.0,3.0,0.0,0.0,973.0,38.0,39.0,531.256838798523
0.0,4.0,99987.0,15.0,4.0,9.0,2.0,4.0,0.0,0.0,973.0,38.0,39.0,531.256838798523
0.0,4.0,99987.0,15.0,3.0,9.0,2.0,0.0,0.0,0.0,973.0,38.0,39.0,533.2691078186035
0.0,4.0,99987.0,15.0,3.0,9.0,2.0,1.0,0.0,0.0,973.0,38.0,39.0,533.2691078186035
0.0,4.0,99987.0,15.0,3.0,9.0,2.0,2.0,0.0,0.0,973.0,38.0,39.0,533.2691078186035
0.0,4.0,99987.0,15.0,3.0,9.0,2.0,3.0,0.0,0.0,973.0,38.0,39.0,533.2691078186035
0.0,4.0,99987.0,15.0,3.0,9.0,2.0,4.0,0.0,0.0,973.0,38.0,39.0,533.2691078186035
0.0,4.0,99987.0,15.0,3.0,9.0,2.0,0.0,1.0,0.0,973.0,38.0,39.0,535.2516112327576
0.0,4.0,99987.0,15.0,3.0,9.0,2.0,1.0,1.0,0.0,973.0,38.0,39.0,535.2516112327576
0.0,4.0,99987.0,15.0,3.0,9.0,2.0,2.0,1.0,0.0,973.0,38.0,39.0,535.2516112327576
0.0,4.0,99987.0,15.0,3.0,9.0,2.0,3.0,1.0,0.0,973.0,38.0,39.0,535.2516112327576
0.0,4.0,99987.0,15.0,3.0,9.0,2.0,4.0,1.0,0.0,973.0,38.0,39.0,535.2516112327576
1.0,4.0,77071.0,9.0,4.0,10.0,3.0,0.0,0.0,0.0,2339.0,35.0,39.0,536.9233241081238
1.0,4.0,77071.0,9.0,4.0,10.0,3.0,1.0,0.0,0.0,2339.0,35.0,39.0,536.9233241081238
1.0,4.0,77071.0,9.0,4.0,10.0,3.0,2.0,0.0,0.0,2339.0,35.0,39.0,536.9233241081238
1.0,4.0,77071.0,9.0,4.0,10.0,3.0,3.0,0.0,0.0,2339.0,35.0,39.0,536.9233241081238
1.0,4.0,77071.0,9.0,4.0,10.0,3.0,4.0,0.0,0.0,2339.0,35.0,39.0,536.9233241081238
1.0,4.0,99987.0,9.0,5.0,10.0,3.0,0.0,0.0,0.0,974.0,35.0,39.0,538.5492894649506
1.0,4.0,99987.0,9.0,5.0,10.0,3.0,1.0,0.0,0.0,974.0,35.0,39.0,538.5492894649506
1.0,4.0,99987.0,9.0,5.0,10.0,3.0,2.0,0.0,0.0,974.0,35.0,39.0,538.5492894649506
1.0,4.0,99987.0,9.0,5.0,10.0,3.0,3.0,0.0,0.0,974.0,35.0,39.0,538.5492894649506
1.0,4.0,99987.0,9.0,5.0,10.0,3.0,4.0,0.0,0.0,974.0,35.0,39.0,538.5492894649506
1.0,4.0,99987.0,9.0,5.0,11.0,3.0,0.0,0.0,0.0,974.0,35.0,39.0,540.1859951019287
1.0,4.0,99987.0,9.0,5.0,11.0,3.0,1.0,0.0,0.0,974.0,35.0,39.0,540.1859951019287
1.0,4.0,99987.0,9.0,5.0,11.0,3.0,2.0,0.0,0.0,974.0,35.0,39.0,540.1859951019287
1.0,4.0,99987.0,9.0,5.0,11.0,3.0,3.0,0.0,0.0,974.0,35.0,39.0,540.1859951019287
1.0,4.0,99987.0,9.0,5.0,11.0,3.0,4.0,0.0,0.0,974.0,35.0,39.0,540.1859951019287
1.0,5.0,99987.0,9.0,5.0,11.0,3.0,0.0,0.0,0.0,974.0,35.0,39.0,542.1366105079651
1.0,5.0,99987.0,9.0,5.0,11.0,3.0,1.0,0.0,0.0,974.0,35.0,39.0,542.1366105079651
1.0,5.0,99987.0,9.0,5.0,11.0,3.0,2.0,0.0,0.0,974.0,35.0,39.0,542.1366105079651
1.0,5.0,99987.0,9.0,5.0,11.0,3.0,3.0,0.0,0.0,974.0,35.0,39.0,542.1366105079651
1.0,5.0,99987.0,9.0,5.0,11.0,3.0,4.0,0.0,0.0,974.0,35.0,39.0,542.1366105079651
1.0,5.0,99987.0,9.0,4.0,11.0,3.0,0.0,0.0,0.0,974.0,35.0,39.0,543.8396379947662
1.0,5.0,99987.0,9.0,4.0,11.0,3.0,1.0,0.0,0.0,974.0,35.0,39.0,543.8396379947662
1.0,5.0,99987.0,9.0,4.0,11.0,3.0,2.0,0.0,0.0,974.0,35.0,39.0,543.8396379947662
1.0,5.0,99987.0,9.0,4.0,11.0,3.0,3.0,0.0,0.0,974.0,35.0,39.0,543.8396379947662
1.0,5.0,99987.0,9.0,4.0,11.0,3.0,4.0,0.0,0.0,974.0,35.0,39.0,543.8396379947662
1.0,5.0,99987.0,9.0,4.0,11.0,2.0,0.0,0.0,0.0,974.0,35.0,39.0,545.5524864196777
1.0,5.0,99987.0,9.0,4.0,11.0,2.0,1.0,0.0,0.0,974.0,35.0,39.0,545.5524864196777
1.0,5.0,99987.0,9.0,4.0,11.0,2.0,2.0,0.0,0.0,974.0,35.0,39.0,545.5524864196777
1.0,5.0,99987.0,9.0,4.0,11.0,2.0,3.0,0.0,0.0,974.0,35.0,39.0,545.5524864196777
1.0,5.0,99987.0,9.0,4.0,11.0,2.0,4.0,0.0,0.0,974.0,35.0,39.0,545.5524864196777
0.0,5.0,99987.0,9.0,4.0,11.0,2.0,0.0,0.0,0.0,974.0,35.0,39.0,547.3636076450348
0.0,5.0,99987.0,9.0,4.0,11.0,2.0,1.0,0.0,0.0,974.0,35.0,39.0,547.3636076450348
0.0,5.0,99987.0,9.0,4.0,11.0,2.0,2.0,0.0,0.0,974.0,35.0,39.0,547.3636076450348
0.0,5.0,99987.0,9.0,4.0,11.0,2.0,3.0,0.0,0.0,974.0,35.0,39.0,547.3636076450348
0.0,5.0,99987.0,9.0,4.0,11.0,2.0,4.0,0.0,0.0,974.0,35.0,39.0,547.3636076450348
0.0,5.0,99987.0,9.0,4.0,11.0,2.0,0.0,0.0,1.0,974.0,35.0,39.0,553.055380821228
0.0,5.0,99987.0,9.0,4.0,11.0,2.0,1.0,0.0,1.0,974.0,35.0,39.0,553.055380821228
0.0,5.0,99987.0,9.0,4.0,11.0,2.0,2.0,0.0,1.0,974.0,35.0,39.0,553.055380821228
0.0,5.0,99987.0,9.0,4.0,11.0,2.0,3.0,0.0,1.0,974.0,35.0,39.0,553.055380821228
0.0,5.0,99987.0,9.0,4.0,11.0,2.0,4.0,0.0,1.0,974.0,35.0,39.0,553.055380821228
0.0,5.0,99987.0,9.0,4.0,11.0,2.0,0.0,1.0,1.0,974.0,35.0,39.0,554.7633259296417
0.0,5.0,99987.0,9.0,4.0,11.0,2.0,1.0,1.0,1.0,974.0,35.0,39.0,554.7633259296417
0.0,5.0,99987.0,9.0,4.0,11.0,2.0,2.0,1.0,1.0,974.0,35.0,39.0,554.7633259296417
0.0,5.0,99987.0,9.0,4.0,11.0,2.0,3.0,1.0,1.0,974.0,35.0,39.0,554.7633259296417
0.0,5.0,99987.0,9.0,4.0,11.0,2.0,4.0,1.0,1.0,974.0,35.0,39.0,554.7633259296417
1.0,4.0,150601.0,0.0,5.0,1.0,4.0,0.0,1.0,0.0,3770.0,40.0,39.0,556.38618683815
1.0,4.0,150601.0,0.0,5.0,1.0,4.0,1.0,1.0,0.0,3770.0,40.0,39.0,556.38618683815
1.0,4.0,150601.0,0.0,5.0,1.0,4.0,2.0,1.0,0.0,3770.0,40.0,39.0,556.38618683815
1.0,4.0,150601.0,0.0,5.0,1.0,4.0,3.0,1.0,0.0,3770.0,40.0,39.0,556.38618683815
1.0,4.0,150601.0,0.0,5.0,1.0,4.0,4.0,1.0,0.0,3770.0,40.0,39.0,556.38618683815
1.0,5.0,99987.0,0.0,5.0,1.0,4.0,0.0,1.0,0.0,974.0,40.0,39.0,558.2130119800568
1.0,5.0,99987.0,0.0,5.0,1.0,4.0,1.0,1.0,0.0,974.0,40.0,39.0,558.2130119800568
1.0,5.0,99987.0,0.0,5.0,1.0,4.0,2.0,1.0,0.0,974.0,40.0,39.0,558.2130119800568
1.0,5.0,99987.0,0.0,5.0,1.0,4.0,3.0,1.0,0.0,974.0,40.0,39.0,558.2130119800568
1.0,5.0,99987.0,0.0,5.0,1.0,4.0,4.0,1.0,0.0,974.0,40.0,39.0,558.2130119800568
1.0,5.0,99987.0,0.0,5.0,1.0,4.0,0.0,0.0,0.0,974.0,40.0,39.0,563.3385815620422
1.0,5.0,99987.0,0.0,5.0,1.0,4.0,1.0,0.0,0.0,974.0,40.0,39.0,563.3385815620422
1.0,5.0,99987.0,0.0,5.0,1.0,4.0,2.0,0.0,0.0,974.0,40.0,39.0,563.3385815620422
1.0,5.0,99987.0,0.0,5.0,1.0,4.0,3.0,0.0,0.0,974.0,40.0,39.0,563.3385815620422
1.0,5.0,99987.0,0.0,5.0,1.0,4.0,4.0,0.0,0.0,974.0,40.0,39.0,563.3385815620422
1.0,5.0,99987.0,0.0,6.0,1.0,4.0,0.0,0.0,0.0,974.0,40.0,39.0,565.3637347221375
1.0,5.0,99987.0,0.0,6.0,1.0,4.0,1.0,0.0,0.0,974.0,40.0,39.0,565.3637347221375
1.0,5.0,99987.0,0.0,6.0,1.0,4.0,2.0,0.0,0.0,974.0,40.0,39.0,565.3637347221375
1.0,5.0,99987.0,0.0,6.0,1.0,4.0,3.0,0.0,0.0,974.0,40.0,39.0,565.3637347221375
1.0,5.0,99987.0,0.0,6.0,1.0,4.0,4.0,0.0,0.0,974.0,40.0,39.0,565.3637347221375
1.0,5.0,99987.0,0.0,6.0,1.0,4.0,0.0,1.0,0.0,974.0,40.0,39.0,567.0991313457489
1.0,5.0,99987.0,0.0,6.0,1.0,4.0,1.0,1.0,0.0,974.0,40.0,39.0,567.0991313457489
1.0,5.0,99987.0,0.0,6.0,1.0,4.0,2.0,1.0,0.0,974.0,40.0,39.0,567.0991313457489
1.0,5.0,99987.0,0.0,6.0,1.0,4.0,3.0,1.0,0.0,974.0,40.0,39.0,567.0991313457489
1.0,5.0,99987.0,0.0,6.0,1.0,4.0,4.0,1.0,0.0,974.0,40.0,39.0,567.0991313457489
1.0,5.0,99987.0,0.0,6.0,1.0,4.0,0.0,1.0,0.0,974.0,39.0,39.0,570.6784327030182
1.0,5.0,99987.0,0.0,6.0,1.0,4.0,1.0,1.0,0.0,974.0,39.0,39.0,570.6784327030182
1.0,5.0,99987.0,0.0,6.0,1.0,4.0,2.0,1.0,0.0,974.0,39.0,39.0,570.6784327030182
1.0,5.0,99987.0,0.0,6.0,1.0,4.0,3.0,1.0,0.0,974.0,39.0,39.0,570.6784327030182
1.0,5.0,99987.0,0.0,6.0,1.0,4.0,4.0,1.0,0.0,974.0,39.0,39.0,570.6784327030182
1.0,5.0,99987.0,0.0,6.0,1.0,4.0,0.0,1.0,0.0,973.0,39.0,39.0,572.6235284805298
1.0,5.0,99987.0,0.0,6.0,1.0,4.0,1.0,1.0,0.0,973.0,39.0,39.0,572.6235284805298
1.0,5.0,99987.0,0.0,6.0,1.0,4.0,2.0,1.0,0.0,973.0,39.0,39.0,572.6235284805298
1.0,5.0,99987.0,0.0,6.0,1.0,4.0,3.0,1.0,0.0,973.0,39.0,39.0,572.6235284805298
1.0,5.0,99987.0,0.0,6.0,1.0,4.0,4.0,1.0,0.0,973.0,39.0,39.0,572.6235284805298
0.0,5.0,99987.0,0.0,6.0,1.0,4.0,0.0,1.0,0.0,973.0,39.0,39.0,574.3818511962891
0.0,5.0,99987.0,0.0,6.0,1.0,4.0,1.0,1.0,0.0,973.0,39.0,39.0,574.3818511962891
0.0,5.0,99987.0,0.0,6.0,1.0,4.0,2.0,1.0,0.0,973.0,39.0,39.0,574.3818511962891
0.0,5.0,99987.0,0.0,6.0,1.0,4.0,3.0,1.0,0.0,973.0,39.0,39.0,574.3818511962891
0.0,5.0,99987.0,0.0,6.0,1.0,4.0,4.0,1.0,0.0,973.0,39.0,39.0,574.3818511962891
0.0,4.0,209547.0,9.0,2.0,12.0,0.0,0.0,1.0,0.0,1977.0,60.0,39.0,576.1236815452576
0.0,4.0,209547.0,9.0,2.0,12.0,0.0,1.0,1.0,0.0,1977.0,60.0,39.0,576.1236815452576
0.0,4.0,209547.0,9.0,2.0,12.0,0.0,2.0,1.0,0.0,1977.0,60.0,39.0,576.1236815452576
0.0,4.0,209547.0,9.0,2.0,12.0,0.0,3.0,1.0,0.0,1977.0,60.0,39.0,576.1236815452576
0.0,4.0,209547.0,9.0,2.0,12.0,0.0,4.0,1.0,0.0,1977.0,60.0,39.0,576.1236815452576
0.0,5.0,99987.0,9.0,2.0,12.0,0.0,0.0,1.0,0.0,974.0,60.0,39.0,577.9100835323334
0.0,5.0,99987.0,9.0,2.0,12.0,0.0,1.0,1.0,0.0,974.0,60.0,39.0,577.9100835323334
0.0,5.0,99987.0,9.0,2.0,12.0,0.0,2.0,1.0,0.0,974.0,60.0,39.0,577.9100835323334
0.0,5.0,99987.0,9.0,2.0,12.0,0.0,3.0,1.0,0.0,974.0,60.0,39.0,577.9100835323334
0.0,5.0,99987.0,9.0,2.0,12.0,0.0,4.0,1.0,0.0,974.0,60.0,39.0,577.9100835323334
0.0,5.0,99987.0,9.0,2.0,12.0,0.0,0.0,1.0,0.0,973.0,60.0,39.0,581.4566617012024
0.0,5.0,99987.0,9.0,2.0,12.0,0.0,1.0,1.0,0.0,973.0,60.0,39.0,581.4566617012024
0.0,5.0,99987.0,9.0,2.0,12.0,0.0,2.0,1.0,0.0,973.0,60.0,39.0,581.4566617012024
0.0,5.0,99987.0,9.0,2.0,12.0,0.0,3.0,1.0,0.0,973.0,60.0,39.0,581.4566617012024
0.0,5.0,99987.0,9.0,2.0,12.0,0.0,4.0,1.0,0.0,973.0,60.0,39.0,581.4566617012024
0.0,5.0,99987.0,9.0,2.0,13.0,0.0,0.0,1.0,0.0,973.0,60.0,39.0,590.0963017940521
0.0,5.0,99987.0,9.0,2.0,13.0,0.0,1.0,1.0,0.0,973.0,60.0,39.0,590.0963017940521
0.0,5.0,99987.0,9.0,2.0,13.0,0.0,2.0,1.0,0.0,973.0,60.0,39.0,590.0963017940521
0.0,5.0,99987.0,9.0,2.0,13.0,0.0,3.0,1.0,0.0,973.0,60.0,39.0,590.0963017940521
0.0,5.0,99987.0,9.0,2.0,13.0,0.0,4.0,1.0,0.0,973.0,60.0,39.0,590.0963017940521
0.0,5.0,99987.0,9.0,3.0,13.0,0.0,0.0,1.0,0.0,973.0,60.0,39.0,591.9486055374146
0.0,5.0,99987.0,9.0,3.0,13.0,0.0,1.0,1.0,0.0,973.0,60.0,39.0,591.9486055374146
0.0,5.0,99987.0,9.0,3.0,13.0,0.0,2.0,1.0,0.0,973.0,60.0,39.0,591.9486055374146
0.0,5.0,99987.0,9.0,3.0,13.0,0.0,3.0,1.0,0.0,973.0,60.0,39.0,591.9486055374146
0.0,5.0,99987.0,9.0,3.0,13.0,0.0,4.0,1.0,0.0,973.0,60.0,39.0,591.9486055374146
0.0,5.0,99987.0,9.0,3.0,13.0,1.0,0.0,1.0,0.0,973.0,60.0,39.0,594.1265349388123
0.0,5.0,99987.0,9.0,3.0,13.0,1.0,1.0,1.0,0.0,973.0,60.0,39.0,594.1265349388123
0.0,5.0,99987.0,9.0,3.0,13.0,1.0,2.0,1.0,0.0,973.0,60.0,39.0,594.1265349388123
0.0,5.0,99987.0,9.0,3.0,13.0,1.0,3.0,1.0,0.0,973.0,60.0,39.0,594.1265349388123
0.0,5.0,99987.0,9.0,3.0,13.0,1.0,4.0,1.0,0.0,973.0,60.0,39.0,594.1265349388123
0.0,4.0,99987.0,9.0,3.0,13.0,1.0,0.0,1.0,0.0,973.0,60.0,39.0,595.8963463306427
0.0,4.0,99987.0,9.0,3.0,13.0,1.0,1.0,1.0,0.0,973.0,60.0,39.0,595.8963463306427
0.0,4.0,99987.0,9.0,3.0,13.0,1.0,2.0,1.0,0.0,973.0,60.0,39.0,595.8963463306427
0.0,4.0,99987.0,9.0,3.0,13.0,1.0,3.0,1.0,0.0,973.0,60.0,39.0,595.8963463306427
0.0,4.0,99987.0,9.0,3.0,13.0,1.0,4.0,1.0,0.0,973.0,60.0,39.0,595.8963463306427
0.0,4.0,99987.0,9.0,2.0,13.0,1.0,0.0,1.0,0.0,973.0,60.0,39.0,597.9150037765503
0.0,4.0,99987.0,9.0,2.0,13.0,1.0,1.0,1.0,0.0,973.0,60.0,39.0,597.9150037765503
0.0,4.0,99987.0,9.0,2.0,13.0,1.0,2.0,1.0,0.0,973.0,60.0,39.0,597.9150037765503
0.0,4.0,99987.0,9.0,2.0,13.0,1.0,3.0,1.0,0.0,973.0,60.0,39.0,597.9150037765503
0.0,4.0,99987.0,9.0,2.0,13.0,1.0,4.0,1.0,0.0,973.0,60.0,39.0,597.9150037765503
0.0,4.0,99987.0,9.0,2.0,13.0,2.0,0.0,1.0,0.0,973.0,60.0,39.0,599.7097964286804
0.0,4.0,99987.0,9.0,2.0,13.0,2.0,1.0,1.0,0.0,973.0,60.0,39.0,599.7097964286804
0.0,4.0,99987.0,9.0,2.0,13.0,2.0,2.0,1.0,0.0,973.0,60.0,39.0,599.7097964286804
0.0,4.0,99987.0,9.0,2.0,13.0,2.0,3.0,1.0,0.0,973.0,60.0,39.0,599.7097964286804
0.0,4.0,99987.0,9.0,2.0,13.0,2.0,4.0,1.0,0.0,973.0,60.0,39.0,599.7097964286804
0.0,4.0,115066.0,15.0,0.0,1.0,4.0,0.0,0.0,0.0,2547.0,40.0,39.0,601.3454792499542
0.0,4.0,115066.0,15.0,0.0,1.0,4.0,1.0,0.0,0.0,2547.0,40.0,39.0,601.3454792499542
0.0,4.0,115066.0,15.0,0.0,1.0,4.0,2.0,0.0,0.0,2547.0,40.0,39.0,601.3454792499542
0.0,4.0,115066.0,15.0,0.0,1.0,4.0,3.0,0.0,0.0,2547.0,40.0,39.0,601.3454792499542
0.0,4.0,115066.0,15.0,0.0,1.0,4.0,4.0,0.0,0.0,2547.0,40.0,39.0,601.3454792499542
